,College Code,College Name,Zone,Group,Category Name,University,District,1st year,Total No of students
0,1,"College Of Engineering,Guindy Campus",Zone I : Chennai-I,1.0,University Departments,ANNA UNIVERSITY,CHENNAI,966,3848
1,2,Alagappa college of technology anna university,Zone I : Chennai-I,1.0,University Departments,ANNA UNIVERSITY,CHENNAI,443,1814
2,4,"Madras Institute of Technology, Anna University",Zone IV : MIT - Chromepet,1.0,University Departments,ANNA UNIVERSITY,CHENNAI,741,2924
3,1101,Aalim Muhammed Salegh College Of Engineering,Zone I : Chennai-I,1.0,Affilated Non - Autonomous,ANNA UNIVERSITY,TIRUVALLUR,280,1120
4,1103,GRT INSTITUTE OF ENGINEERING AND TECHNOLOGY,Zone I : Chennai-I,1.0,Affilated Non - Autonomous,ANNA UNIVERSITY,TIRUVALLUR,260,847
5,1105,GOJAN SCHOOL OF BUSINESS AND TECHNOLOGY,Zone I : Chennai-I,1.0,Affilated Non - Autonomous,ANNA UNIVERSITY,TIRUVALLUR,279,891
6,1106,INDIRA INSTITUTE OF ENGINEERING AND TECHNOLOGY,Zone I : Chennai-I,1.0,Affilated Non - Autonomous,ANNA UNIVERSITY,TIRUVALLUR,52,234
7,1107,J N N INSTITUTE OF ENGINEERING,Zone I : Chennai-I,1.0,Affilated Non - Autonomous,ANNA UNIVERSITY,TIRUVALLUR,224,825
8,1108,JAYA ENGINEERING COLLEGE,Zone I : Chennai-I,1.0,Affilated Non - Autonomous,ANNA UNIVERSITY,TIRUVALLUR,260,977
9,1111,JAYA INSTITUTE OF TECHNOLOGY,Zone I : Chennai-I,1.0,Affilated Non - Autonomous,ANNA UNIVERSITY,TIRUVALLUR,9,212
10,1114,Prathyusha engineering college,Zone I : Chennai-I,1.0,Affilated Non - Autonomous,ANNA UNIVERSITY,TIRUVALLUR,455,1461
11,1120,JAYA SAKTHI ENGINEERING COLLEGE,Zone I : Chennai-I,1.0,Affilated Non - Autonomous,ANNA UNIVERSITY,TIRUVALLUR,81,304
12,1121,SAMS COLLEGE OF ENGINEERING AND TECHNOLOGY,Zone I : Chennai-I,1.0,Affilated Non - Autonomous,ANNA UNIVERSITY,TIRUVALLUR,6,48
13,1123,SRI KRISHNA COLLEGE OF ENGINEERING,Zone I : Chennai-I,1.0,Affilated Non - Autonomous,ANNA UNIVERSITY,RANIPET,26,368
14,1124,SRI VENKATESWARA COLLEGE OF ENGINEERING AND TECHNOLOGY,Zone I : Chennai-I,1.0,Affilated Non - Autonomous,ANNA UNIVERSITY,TIRUVALLUR,98,958
15,1125,SRI VENKATESWARA INSTITUTE OF SCIENCE AND TECHNOLOGY,Zone I : Chennai-I,1.0,Affilated Non - Autonomous,ANNA UNIVERSITY,TIRUVALLUR,14,220
16,1126,	Sriram Engineering College,Zone I : Chennai-I,1.0,Affilated Non - Autonomous,ANNA UNIVERSITY,TIRUVALLUR,83,270
17,1127,"St.Peter's College of Engineering and Technology, Avadi, Chennai ",Zone I : Chennai-I,1.0,Affilated Non - Autonomous,ANNA UNIVERSITY,TIRUVALLUR,141,578
18,1128,TJS Engineering College,Zone I : Chennai-I,1.0,Affilated Non - Autonomous,ANNA UNIVERSITY,TIRUVALLUR,184,594
19,1133,Velammal Institute of Technology,Zone I : Chennai-I,1.0,Affilated Non - Autonomous,ANNA UNIVERSITY,TIRUVALLUR,503,1519
20,1137,ANNAI MIRA COLLEGE OF ENGINEERING AND TECHNOLOGY ,Zone I : Chennai-I,1.0,Affilated Non - Autonomous,ANNA UNIVERSITY,TIRUVALLUR,0,131
21,1138,SRI JAYARAM INSTITUTE OF ENGINEERING AND TECHNOLOGY,Zone I : Chennai-I,1.0,Affilated Non - Autonomous,ANNA UNIVERSITY,TIRUVALLUR,41,370
22,2101,ALPHA COLLEGE OF ENGINEERING,Zone II : Chennai-II,1.0,Affilated Non - Autonomous,ANNA UNIVERSITY,CHENNAI,128,382
23,2102,APOLLO ENGINEERING COLLEGE,Zone II : Chennai-II,1.0,Affilated Non - Autonomous,ANNA UNIVERSITY,KANCHEEPURAM,96,357
24,2104,CHENNAI INSTITUTE OF TECHNOLOGY,Zone II : Chennai-II,1.0,Affilated Non - Autonomous,ANNA UNIVERSITY,KANCHEEPURAM,1122,3574
25,2105,Dmi college of Engineering,Zone II : Chennai-II,1.0,Affilated Non - Autonomous,ANNA UNIVERSITY,KANCHEEPURAM,327,1155
26,2106,Jeppiaar Institute of technology,Zone II : Chennai-II,1.0,Affilated Non - Autonomous,ANNA UNIVERSITY,KANCHEEPURAM,269,952
27,2108,KINGS ENGINEERING COLLEGE,Zone II : Chennai-II,1.0,Affilated Non - Autonomous,ANNA UNIVERSITY,KANCHEEPURAM,665,2022
28,2109,LOYOLA INSTITUTE OF TECHNOLOGY,Zone II : Chennai-II,1.0,Affilated Non - Autonomous,ANNA UNIVERSITY,KANCHEEPURAM,279,1067
29,2111,MADHA ENGINEERING COLLEGE,Zone II : Chennai-II,1.0,Affilated Non - Autonomous,ANNA UNIVERSITY,KANCHEEPURAM,213,874
30,2112,MADHA INSTITUTE OF ENGINEERING AND TECHNOLOGY,Zone II : Chennai-II,1.0,Affilated Non - Autonomous,ANNA UNIVERSITY,KANCHEEPURAM,64,451
31,2113,P.B. COLLEGE OF ENGINEERING,Zone II : Chennai-II,1.0,Affilated Non - Autonomous,ANNA UNIVERSITY,KANCHEEPURAM,193,329
32,2115,Panimalar Institute of Technology ,Zone II : Chennai-II,1.0,Affilated Non - Autonomous,ANNA UNIVERSITY,TIRUVALLUR,0,2043
33,2117,Rajalakshmi Institute of Technology ,Zone II : Chennai-II,1.0,Affilated Non - Autonomous,ANNA UNIVERSITY,KANCHEEPURAM,789,2101
34,2119,RAJIV GANDHI COLLEGE OF ENGINEERING,Zone II : Chennai-II,1.0,Affilated Non - Autonomous,ANNA UNIVERSITY,KANCHEEPURAM,63,602
35,2120,SKR Engineering College ,Zone II : Chennai-II,1.0,Affilated Non - Autonomous,ANNA UNIVERSITY,TIRUVALLUR,102,240
36,2124,SREE SASTHA INSTITUTE OF ENGINEERING AND TECHNOLOGY,Zone II : Chennai-II,1.0,Affilated Non - Autonomous,ANNA UNIVERSITY,TIRUVALLUR,106,389
37,2126,Sri muthukumaran institute of Technology ,Zone II : Chennai-II,1.0,Affilated Non - Autonomous,ANNA UNIVERSITY,KANCHEEPURAM,221,802
38,2128,JAYA COLLEGE OF ENGINEERING AND TECHNOLOGY,Zone II : Chennai-II,1.0,Affilated Non - Autonomous,ANNA UNIVERSITY,TIRUVALLUR,10,118
39,2129,St Joseph college of Engineering ,Zone II : Chennai-II,1.0,Affilated Non - Autonomous,ANNA UNIVERSITY,KANCHEEPURAM,265,1073
40,3101,ANAND INSTITUTE OF HIGHER TECHNOLOGY,Zone III : Chennai-III,1.0,Affilated Non - Autonomous,ANNA UNIVERSITY,CHENGALPATTU,449,1377
41,3103,CENTRAL INSTITUTE OF PLASTICS ENGINEERING AND TECHNOLOGY,Zone III : Chennai-III,1.0,Affilated Non - Autonomous,ANNA UNIVERSITY,CHENNAI,97,488
42,3105,Dhanalakshmi Srinivasan College of Engineering and Technology,Zone III : Chennai-III,1.0,Affilated Non - Autonomous,ANNA UNIVERSITY,KANCHEEPURAM,498,1628
43,3107,Jawahar Engineering College,Zone III : Chennai-III,1.0,Affilated Non - Autonomous,ANNA UNIVERSITY,TIRUVALLUR,0,14
44,3108,Jeppiaar Engineering College,Zone III : Chennai-III,1.0,Affilated Non - Autonomous,ANNA UNIVERSITY,CHENGALPATTU,504,1767
45,3110,KCG College of Technology,Zone III : Chennai-III,1.0,Affilated Non - Autonomous,ANNA UNIVERSITY,CHENGALPATTU,593,2229
46,3111,LOYOLA - ICAM COLLEGE OF ENGINEERING AND TECHNOLOGY,Zone III : Chennai-III,1.0,Affilated Non - Autonomous,ANNA UNIVERSITY,CHENNAI,379,1483
47,3114,MEENAKSHI COLLEGE OF ENGINEERING,Zone III : Chennai-III,1.0,Affilated Non - Autonomous,ANNA UNIVERSITY,CHENNAI,363,1266
48,3115,MEENAKSHI SUNDARARAJAN ENGINEERING COLLEGE,Zone III : Chennai-III,1.0,Affilated Non - Autonomous,ANNA UNIVERSITY,CHENNAI,430,1615
49,3116,MISRIMAL NAVAJEE MUNOTH JAIN ENGINEERING COLLEGE,Zone III : Chennai-III,1.0,Affilated Non - Autonomous,ANNA UNIVERSITY,CHENGALPATTU,232,773
50,3118,MOHAMMED SATHAK A.J.COLLEGE OF ENGINEERING,Zone III : Chennai-III,1.0,Affilated Non - Autonomous,ANNA UNIVERSITY,CHENGALPATTU,235,823
51,3120,JEPPIAAR SRR ENGINEERING COLLEGE ,Zone III : Chennai-III,1.0,Affilated Non - Autonomous,ANNA UNIVERSITY,CHENGALPATTU,0,101
52,3121,SMK FOMRA INSTITUTE OF TECHNOLOGY,Zone III : Chennai-III,1.0,Affilated Non - Autonomous,ANNA UNIVERSITY,CHENGALPATTU,75,276
53,3125,T.J. INSTITUTE OF TECHNOLOGY,Zone III : Chennai-III,1.0,Affilated Non - Autonomous,ANNA UNIVERSITY,CHENGALPATTU,54,351
54,3126,THANGAVELU ENGINEERING COLLEGE ,Zone III : Chennai-III,1.0,Affilated Non - Autonomous,ANNA UNIVERSITY,CHENGALPATTU,128,395
55,3128,Agni College of Technology,Zone III : Chennai-III,1.0,Affilated Non - Autonomous,ANNA UNIVERSITY,CHENGALPATTU,538,1617
56,3135,Panimalar engineering college Chennai city campus,Zone I : Chennai-I,1.0,Affilated Non - Autonomous,ANNA UNIVERSITY,CHENNAI,362,362
57,4101,ADHI COLLEGE OF ENGINEERING AND TECHNOLOGY,Zone IV : MIT - Chromepet,1.0,Affilated Non - Autonomous,ANNA UNIVERSITY,KANCHEEPURAM,286,1008
58,4103,ARM COLLEGE OF ENGINEERING AND TECHNOLOGY,Zone IV : MIT - Chromepet,1.0,Affilated Non - Autonomous,ANNA UNIVERSITY,CHENGALPATTU,30,99
59,4106,Dhaanish Ahmed College of Engineering ,Zone IV : MIT - Chromepet,1.0,Affilated Non - Autonomous,ANNA UNIVERSITY,KANCHEEPURAM,323,895
60,4107,DHANALAKSHMI COLLEGE OF ENGINEERING,Zone IV : MIT - Chromepet,1.0,Affilated Non - Autonomous,ANNA UNIVERSITY,KANCHEEPURAM,292,1077
61,4108,G.K.M. COLLEGE OF ENGINEERING AND TECHNOLOGY,Zone IV : MIT - Chromepet,1.0,Affilated Non - Autonomous,ANNA UNIVERSITY,CHENGALPATTU,33,291
62,4114,NEW PRINCE SHRI BHAVANI COLLEGE OF ENGINEERING AND TECHNOLOGY,Zone IV : MIT - Chromepet,1.0,Affilated Non - Autonomous,ANNA UNIVERSITY,CHENGALPATTU,212,690
63,4115,PERI INSTITUTE OF TECHNOLOGY,Zone IV : MIT - Chromepet,1.0,Affilated Non - Autonomous,ANNA UNIVERSITY,CHENGALPATTU,284,1071
64,4116,Prince Dr.K.Vasudevan College of Engineering and Technology,Zone IV : MIT - Chromepet,1.0,Affilated Non - Autonomous,ANNA UNIVERSITY,CHENGALPATTU,107,363
65,4117,PRINCE SHRI VENKATESHWARA PADMAVATHY ENGINEERING COLLEGE,Zone IV : MIT - Chromepet,1.0,Affilated Non - Autonomous,ANNA UNIVERSITY,KANCHEEPURAM,185,775
66,4118,RRASE COLLEGE OF ENGINEERING,Zone IV : MIT - Chromepet,1.0,Affilated Non - Autonomous,ANNA UNIVERSITY,KANCHEEPURAM,191,926
67,4119,SHRI ANDAL ALAGAR COLLEGE OF ENGINEERING,Zone V : Tindivanam,2.0,Affilated Non - Autonomous,ANNA UNIVERSITY,CHENGALPATTU,0,41
68,4120,Sri Krishna Engineering College,Zone IV : MIT - Chromepet,1.0,Affilated Non - Autonomous,ANNA UNIVERSITY,KANCHEEPURAM,22,79
69,4121,SRI KRISHNA INSTITUTE OF TECHNOLOGY,Zone IV : MIT - Chromepet,1.0,Affilated Non - Autonomous,ANNA UNIVERSITY,KANCHEEPURAM,1,52
70,4123,SRI RAMANUJAR ENGINEERING COLLEGE,Zone IV : MIT - Chromepet,1.0,Affilated Non - Autonomous,ANNA UNIVERSITY,CHENGALPATTU,179,673
71,4126,SRI VENKATESWARAA COLLEGE OF TECHNOLOGY,Zone IV : MIT - Chromepet,1.0,Affilated Non - Autonomous,ANNA UNIVERSITY,KANCHEEPURAM,131,456
72,4127,Tagore Engineering College ,Zone IV : MIT - Chromepet,1.0,Affilated Non - Autonomous,ANNA UNIVERSITY,CHENGALPATTU,237,685
73,4129,VI INSTITUTE OF TECHNOLOGY,Zone V : Tindivanam,2.0,Affilated Non - Autonomous,ANNA UNIVERSITY,CHENGALPATTU,0,88
74,4130,ANNAI VEILANKANNI'S COLLEGE OF ENGINEERING,Zone IV : MIT - Chromepet,1.0,Affilated Non - Autonomous,ANNA UNIVERSITY,KANCHEEPURAM,84,431
75,4201,A K T MEMORIAL COLLEGE OF ENGINEERING AND TECHNOLOGY,Zone XXI : Villupuram,5.0,Affilated Non - Autonomous,ANNA UNIVERSITY,KALLAKURICHI,296,1024
76,4203,A.R. ENGINEERING COLLEGE,Zone XXI : Villupuram,5.0,Affilated Non - Autonomous,ANNA UNIVERSITY,VILUPPURAM,68,257
77,4204,ADHIPARASAKTHI ENGINEERING COLLEGE,Zone V : Tindivanam,2.0,Affilated Non - Autonomous,ANNA UNIVERSITY,CHENGALPATTU,256,967
78,4206,ANNAI TERESA COLLEGE OF ENGINEERING,Zone XXI : Villupuram,5.0,Affilated Non - Autonomous,ANNA UNIVERSITY,KALLAKURICHI,78,648
79,4207,C.K. COLLEGE OF ENGINEERING & TECHNOLOGY,Zone XXI : Villupuram,5.0,Affilated Non - Autonomous,ANNA UNIVERSITY,CUDDALORE,317,1119
80,4208,Chendu College of Engineering and Technology,Zone V : Tindivanam,2.0,Affilated Non - Autonomous,ANNA UNIVERSITY,CHENGALPATTU,15,144
81,4210,Quannta school of software engineering,Zone V : Tindivanam,2.0,Affilated Non - Autonomous,ANNA UNIVERSITY,VILUPPURAM,24,24
82,4212,KARPAGA VINAYAGA COLLEGE OF ENGINEERING AND TECHNOLOGY,Zone V : Tindivanam,2.0,Affilated Non - Autonomous,ANNA UNIVERSITY,CHENGALPATTU,348,1090
83,4213,KRISHNASAMY COLLEGE OF ENGINEERING AND TECHNOLOGY,Zone XXI : Villupuram,5.0,Affilated Non - Autonomous,ANNA UNIVERSITY,CUDDALORE,247,864
84,4216,Mailam engineering college,Zone V : Tindivanam,2.0,Affilated Non - Autonomous,ANNA UNIVERSITY,VILUPPURAM,663,1902
85,4218,SARASWATHY COLLEGE OF ENGINEERING AND TECHNOLOGY,Zone V : Tindivanam,2.0,Affilated Non - Autonomous,ANNA UNIVERSITY,VILUPPURAM,123,216
86,4220,SRI RANGAPOOPATHI COLLEGE OF ENGINEERING,Zone V : Tindivanam,2.0,Affilated Non - Autonomous,ANNA UNIVERSITY,VILUPPURAM,62,439
87,4221,St. Anne's College of Engineering and Technology,Zone XXI : Villupuram,5.0,Affilated Non - Autonomous,ANNA UNIVERSITY,CUDDALORE,170,508
88,4222,Surya Group of Institutions ,Zone XXI : Villupuram,5.0,Affilated Non - Autonomous,ANNA UNIVERSITY,VILUPPURAM,184,693
89,4223,THIRUVALLUVAR COLLEGE OF ENGINEERING AND TECHNOLOGY,Zone V : Tindivanam,2.0,Affilated Non - Autonomous,ANNA UNIVERSITY,TIRUVANNAMALAI,141,490
90,4224,"UNIVERSITY COLLEGE OF ENGINEERING, TINDIVANAM",Zone V : Tindivanam,2.0,University Constituent Colleges,ANNA UNIVERSITY,VILUPPURAM,188,663
91,4225,"UNIVERSITY COLLEGE OF ENGINEERING, VILLUPURAM",Zone XXI : Villupuram,5.0,University Constituent Colleges,ANNA UNIVERSITY,VILUPPURAM,186,855
92,4226,UNIVERSITY COLLEGE OF ENGINEERING PANRUTI ,Zone XXI : Villupuram,5.0,University Constituent Colleges,ANNA UNIVERSITY,CUDDALORE,187,751
93,4227,V.R.S. COLLEGE OF ENGINEERING AND TECHNOLOGY,Zone XXI : Villupuram,5.0,Affilated Non - Autonomous,ANNA UNIVERSITY,VILUPPURAM,272,820
94,5101,Adhiparasakthi College of Engineering,Zone VI : Arni,2.0,Affilated Non - Autonomous,ANNA UNIVERSITY,RANIPET,166,493
95,5102,ANNAMALAIAR COLLEGE OF ENGINEERING,Zone VI : Arni,2.0,Affilated Non - Autonomous,ANNA UNIVERSITY,TIRUVANNAMALAI,30,392
96,5103,ARULMIGU MEENAKSHI AMMAN COLLEGE OF ENGINEERING,Zone VI : Arni,2.0,Affilated Non - Autonomous,ANNA UNIVERSITY,TIRUVANNAMALAI,17,241
97,5104,Arunai Engineering College,Zone V : Tindivanam,2.0,Affilated Non - Autonomous,ANNA UNIVERSITY,TIRUVANNAMALAI,563,1784
98,5105,Bharathidasan Engineering College ,Zone VII : Dharmapuri,2.0,Affilated Non - Autonomous,ANNA UNIVERSITY,TIRUPATTUR,244,621
99,5106,C.  Abdul Hakeem college of engineering and technology,Zone VI : Arni,2.0,Affilated Non - Autonomous,ANNA UNIVERSITY,RANIPET,324,1010
100,5108,GANADIPATHY TULSI'S JAIN ENGINEERING COLLEGE,Zone VI : Arni,2.0,Affilated Non - Autonomous,ANNA UNIVERSITY,VELLORE,170,442
101,5109,Global Institute of Engineering and Technology,Zone VI : Arni,2.0,Affilated Non - Autonomous,ANNA UNIVERSITY,RANIPET,260,903
102,5110,J E I MATHAAJEE COLLEGE OF ENGINEERING,Zone VI : Arni,2.0,Affilated Non - Autonomous,ANNA UNIVERSITY,KANCHEEPURAM,6,59
103,5113,KINGSTON ENGINEERING COLLEGE,Zone VI : Arni,2.0,Affilated Non - Autonomous,ANNA UNIVERSITY,VELLORE,327,926
104,5114,OXFORD COLLEGE OF ENGINEERING,Zone VI : Arni,2.0,Affilated Non - Autonomous,ANNA UNIVERSITY,TIRUVANNAMALAI,38,328
105,5115,P.T. LEE CHENGALVARAYA NAICKER COLLEGE OF ENGINEERING AND TECHNOLOGY,Zone VI : Arni,2.0,Affilated Non - Autonomous,ANNA UNIVERSITY,KANCHEEPURAM,270,781
106,5117,Pallavan College of Engineering,Zone VI : Arni,2.0,Affilated Non - Autonomous,ANNA UNIVERSITY,KANCHEEPURAM,19,222
107,5118,PODHIGAI COLLEGE OF ENGINEERING AND TECHNOLOGY,Zone VII : Dharmapuri,2.0,Affilated Non - Autonomous,ANNA UNIVERSITY,TIRUPATTUR,115,286
108,5119,Priyadarshi Engineering college,Zone VII : Dharmapuri,2.0,Affilated Non - Autonomous,ANNA UNIVERSITY,TIRUPATTUR,200,677
109,5121,RANIPPETTAI ENGINEERING COLLEGE,Zone VI : Arni,2.0,Affilated Non - Autonomous,ANNA UNIVERSITY,RANIPET,5,101
110,5122,S.K.P. ENGINEERING COLLEGE,Zone V : Tindivanam,2.0,Affilated Non - Autonomous,ANNA UNIVERSITY,TIRUVANNAMALAI,161,436
111,5126,SREE KRISHNA COLLEGE OF ENGINEERING,Zone VI : Arni,2.0,Affilated Non - Autonomous,ANNA UNIVERSITY,VELLORE,10,362
112,5127,SRI BALAJI CHOCKALINGAM ENGINEERING COLLEGE,Zone VI : Arni,2.0,Affilated Non - Autonomous,ANNA UNIVERSITY,TIRUVANNAMALAI,174,682
113,5131,THANTHAI PERIYAR GOVT INSTITUTE OF TECHNOLOGY,Zone VI : Arni,2.0,Government College,ANNA UNIVERSITY,VELLORE,379,1596
114,5132,THIRUMALAI ENGINEERING COLLEGE,Zone VI : Arni,2.0,Affilated Non - Autonomous,ANNA UNIVERSITY,KANCHEEPURAM,135,672
115,5133,University College of Engineering ARNI,Zone VI : Arni,2.0,University Constituent Colleges,ANNA UNIVERSITY,TIRUVANNAMALAI,142,616
116,5134,University College of Engineering kanchipuram,Zone II : Chennai-II,1.0,University Constituent Colleges,ANNA UNIVERSITY,KANCHEEPURAM,189,871
117,5135,ANNAI MIRA COLLEGE OF ENGINEERING AND TECHNOLOGY,Zone VI : Arni,2.0,Affilated Non - Autonomous,ANNA UNIVERSITY,RANIPET,189,577
118,6102,ANNAPOORANA ENGINEERING COLLEGE,Zone VIII : Salem,2.0,Affilated Non - Autonomous,ANNA UNIVERSITY,SALEM,245,1112
119,6105,Dhirajlal Gandhi College of Technology,Zone VII : Dharmapuri,2.0,Affilated Non - Autonomous,ANNA UNIVERSITY,SALEM,430,1470
120,6107,GOVERNMENT COLLEGE OF ENGINEERING - BARGUR,Zone VII : Dharmapuri,2.0,Government College,ANNA UNIVERSITY,KRISHNAGIRI,222,907
121,6108,ER.PERUMAL MANIMEKALAI COLLEGE OF ENGINEERING,Zone VII : Dharmapuri,2.0,Affilated Non - Autonomous,ANNA UNIVERSITY,KRISHNAGIRI,662,1754
122,6109,JAYALAKSHMI INSTITUTE OF TECHNOLOGY,Zone VII : Dharmapuri,2.0,Affilated Non - Autonomous,ANNA UNIVERSITY,DHARMAPURI,229,1486
123,6110,JAYAM COLLEGE OF ENGINEERING AND TECHNOLOGY,Zone VII : Dharmapuri,2.0,Affilated Non - Autonomous,ANNA UNIVERSITY,DHARMAPURI,125,1000
124,6112,KNOWLEDGE INSTITUTE OF TECHNOLOGY,Zone VIII : Salem,2.0,Affilated Non - Autonomous,ANNA UNIVERSITY,SALEM,602,2341
125,6114,MAHENDRA ENGINEERING COLLEGE FOR WOMEN,Zone VIII : Salem,2.0,Affilated Non - Autonomous,ANNA UNIVERSITY,NAMAKKAL,243,736
126,6115,Mahindra Institute of Engineering & Technology,Zone VIII : Salem,2.0,Affilated Non - Autonomous,ANNA UNIVERSITY,NAMAKKAL,106,448
127,6117,NARASU'S SARATHY INSTITUTE OF TECHNOLOGY,Zone VII : Dharmapuri,2.0,Affilated Non - Autonomous,ANNA UNIVERSITY,SALEM,331,898
128,6118,P.S.V.COLLEGE OF ENGINEERING AND TECHNOLOGY,Zone VII : Dharmapuri,2.0,Affilated Non - Autonomous,ANNA UNIVERSITY,KRISHNAGIRI,335,1076
129,6120,SAPTHAGIRI COLLEGE OF ENGINEERING,Zone VII : Dharmapuri,2.0,Affilated Non - Autonomous,ANNA UNIVERSITY,DHARMAPURI,0,146
130,6122,"Sengunthar College of Engineering, Tiruchengode ",Zone XI : Erode,3.0,Affilated Non - Autonomous,ANNA UNIVERSITY,NAMAKKAL,0,511
131,6124,Shree Sathyam College of Engineering and Technology ,Zone VIII : Salem,2.0,Affilated Non - Autonomous,ANNA UNIVERSITY,SALEM,157,325
132,6126,THE KAVERY COLLEGE OF ENGINEERING,Zone VII : Dharmapuri,2.0,Affilated Non - Autonomous,ANNA UNIVERSITY,SALEM,0,145
133,6127,THE KAVERY ENGINEERING COLLEGE,Zone VII : Dharmapuri,2.0,Affilated Non - Autonomous,ANNA UNIVERSITY,SALEM,707,1703
134,6128,VARUVAN VADIVELAN INSTITUTE OF TECHNOLOGY,Zone VII : Dharmapuri,2.0,Affilated Non - Autonomous,ANNA UNIVERSITY,DHARMAPURI,174,879
135,6130,VIVEKANANDHA COLLEGE OF TECHNOLOGY FOR WOMEN,Zone XI : Erode,3.0,Affilated Non - Autonomous,ANNA UNIVERSITY,NAMAKKAL,310,1074
136,6135,"Government College of Engineering, Dharmapuri",Zone VII : Dharmapuri,2.0,Government College,ANNA UNIVERSITY,DHARMAPURI,259,1038
137,6177,GOVERNMENT COLLEGE OF ENGINEERING - SALEM,Zone VIII : Salem,2.0,Government College,ANNA UNIVERSITY,SALEM,447,1908
138,6201,AVS Engineering College,Zone VIII : Salem,2.0,Affilated Non - Autonomous,ANNA UNIVERSITY,SALEM,567,1791
139,6202,Annai mathammal sheela Engineering college ,Zone VIII : Salem,2.0,Affilated Non - Autonomous,ANNA UNIVERSITY,NAMAKKAL,171,713
140,6203,Bharathiyar Institute of engineering for women,Zone VIII : Salem,2.0,Affilated Non - Autonomous,ANNA UNIVERSITY,SALEM,277,760
141,6205,CMS COLLEGE OF ENGINEERING ,Zone VIII : Salem,2.0,Affilated Non - Autonomous,ANNA UNIVERSITY,NAMAKKAL,218,324
142,6206,Ganesh College of Engineering,Zone VIII : Salem,2.0,Affilated Non - Autonomous,ANNA UNIVERSITY,SALEM,311,757
143,6207,GNANAMANI COLLEGE OF ENGINEERING,Zone VIII : Salem,2.0,Affilated Non - Autonomous,ANNA UNIVERSITY,NAMAKKAL,0,0
144,6208,GNANAMANI COLLEGE OF TECHNOLOGY,Zone VIII : Salem,2.0,Affilated Non - Autonomous,ANNA UNIVERSITY,NAMAKKAL,1250,3069
145,6211,Idhaya Engineering College for Women,Zone XXI : Villupuram,5.0,Affilated Non - Autonomous,ANNA UNIVERSITY,KALLAKURICHI,145,335
146,6214,MAHA BARATHI ENGINEERING COLLEGE,Zone XXI : Villupuram,5.0,Affilated Non - Autonomous,ANNA UNIVERSITY,KALLAKURICHI,228,789
147,6215,MAHENDRA COLLEGE OF ENGINEERING,Zone VIII : Salem,2.0,Affilated Non - Autonomous,ANNA UNIVERSITY,SALEM,533,1346
148,6217,Muthayammal College of Engineering,Zone VIII : Salem,2.0,Affilated Non - Autonomous,ANNA UNIVERSITY,NAMAKKAL,217,826
149,6218,PGP COLLEGE OF ENGINEERING AND TECHNOLOGY ,Zone VIII : Salem,2.0,Affilated Non - Autonomous,ANNA UNIVERSITY,NAMAKKAL,166,359
150,6220,PAAVAI COLLEGE OF ENGINEERING,Zone VIII : Salem,2.0,Affilated Non - Autonomous,ANNA UNIVERSITY,NAMAKKAL,363,1012
151,6222,PAVAI COLLEGE OF TECHNOLOGY,Zone VIII : Salem,2.0,Affilated Non - Autonomous,ANNA UNIVERSITY,NAMAKKAL,0,349
152,6224,SALEM COLLEGE OF ENGINEERING AND TECHNOLOGY,Zone VIII : Salem,2.0,Affilated Non - Autonomous,ANNA UNIVERSITY,SALEM,351,1226
153,6225,SELVAM COLLEGE OF TECHNOLOGY,Zone VIII : Salem,2.0,Affilated Non - Autonomous,ANNA UNIVERSITY,NAMAKKAL,403,1074
154,6226,SHREENIVASA ENGINEERING COLLEGE,Zone VII : Dharmapuri,2.0,Affilated Non - Autonomous,ANNA UNIVERSITY,DHARMAPURI,207,674
155,6227,SRG ENGINEERING COLLEGE ,Zone VIII : Salem,2.0,Affilated Non - Autonomous,ANNA UNIVERSITY,NAMAKKAL,70,464
156,6229,T.S.M. JAIN COLLEGE OF TECHNOLOGY,Zone XXI : Villupuram,5.0,Affilated Non - Autonomous,ANNA UNIVERSITY,KALLAKURICHI,9,550
157,6230,Tagore Institute of Engineering and Technology ,Zone VIII : Salem,2.0,Affilated Non - Autonomous,ANNA UNIVERSITY,SALEM,289,809
158,6231,VSA GROUP OF INSTITUTIONS,Zone VIII : Salem,2.0,Affilated Non - Autonomous,ANNA UNIVERSITY,SALEM,98,453
159,6233,VETRI VINAYAHA COLLEGE OF ENGINEERING AND TECHNOLOGY,Zone VIII : Salem,2.0,Affilated Non - Autonomous,ANNA UNIVERSITY,TIRUCHIRAPPALLI,114,251
160,6235,AVS COLLEGE OF TECHNOLOGY,Zone VIII : Salem,2.0,Affilated Non - Autonomous,ANNA UNIVERSITY,SALEM,355,1033
161,6236,INDIAN INSTITUTE OF HANDLOOM TECHNOLOGY,Zone VIII : Salem,2.0,Affilated Non - Autonomous,ANNA UNIVERSITY,SALEM,24,178
162,7100,"Anna University, Regional Campus Coimbatore",Zone IX : Coimbatore - I,3.0,University Regional Campus,ANNA UNIVERSITY,COIMBATORE,245,927
163,7101,ADITHYA INSTITUTE OF TECHNOLOGY,Zone IX : Coimbatore - I,3.0,Affilated Non - Autonomous,ANNA UNIVERSITY,COIMBATORE,246,718
164,7103,ANGEL COLLEGE OF ENGINEERING AND TECHNOLOGY,Zone IX : Coimbatore - I,3.0,Affilated Non - Autonomous,ANNA UNIVERSITY,TIRUPPUR,104,564
165,7104,CHRIST THE KING ENGINEERING COLLEGE,Zone IX : Coimbatore - I,3.0,Affilated Non - Autonomous,ANNA UNIVERSITY,COIMBATORE,241,754
166,7106,CSI COLLEGE OF ENGINEERING,Zone IX : Coimbatore - I,3.0,Affilated Non - Autonomous,ANNA UNIVERSITY,THE NILGIRIS,167,542
167,7107,"Dr.N.G.P Institute of Technology,  Coimbatore ",Zone IX : Coimbatore - I,3.0,Affilated Non - Autonomous,ANNA UNIVERSITY,COIMBATORE,0,1572
168,7110,INFO INSTITUTE OF ENGINEERING,Zone IX : Coimbatore - I,3.0,Affilated Non - Autonomous,ANNA UNIVERSITY,COIMBATORE,141,331
169,7111,Jansons Institute of Technology,Zone IX : Coimbatore - I,3.0,Affilated Non - Autonomous,ANNA UNIVERSITY,COIMBATORE,266,1008
170,7112,JAI SHRIRAM ENGINEERING COLLEGE,Zone IX : Coimbatore - I,3.0,Affilated Non - Autonomous,ANNA UNIVERSITY,TIRUPPUR,300,881
171,7116,KATHIR COLLEGE OF ENGINEERING,Zone IX : Coimbatore - I,3.0,Affilated Non - Autonomous,ANNA UNIVERSITY,COIMBATORE,222,752
172,7117,KGISL INSTITUTE OF TECHNOLOGY,Zone IX : Coimbatore - I,3.0,Affilated Non - Autonomous,ANNA UNIVERSITY,COIMBATORE,546,1781
173,7122,PARK COLLEGE OF ENGINEERING AND TECHNOLOGY,Zone IX : Coimbatore - I,3.0,Affilated Non - Autonomous,ANNA UNIVERSITY,COIMBATORE,173,848
174,7123,PARK COLLEGE OF TECHNOLOGY,Zone IX : Coimbatore - I,3.0,Affilated Non - Autonomous,ANNA UNIVERSITY,COIMBATORE,28,77
175,7125,PPG INSTITUTE OF TECHNOLOGY ,Zone IX : Coimbatore - I,3.0,Affilated Non - Autonomous,ANNA UNIVERSITY,COIMBATORE,236,689
176,7128,R V S COLLEGE OF ENGINEERING AND TECHNOLOGY,Zone IX : Coimbatore - I,3.0,Affilated Non - Autonomous,ANNA UNIVERSITY,COIMBATORE,272,945
177,7129,RVS TECHNICAL CAMPUS-COIMBATORE,Zone IX : Coimbatore - I,3.0,Affilated Non - Autonomous,ANNA UNIVERSITY,COIMBATORE,242,946
178,7131,SRI SAI RANGANATHAN ENGINEERING COLLEGE,Zone IX : Coimbatore - I,3.0,Affilated Non - Autonomous,ANNA UNIVERSITY,COIMBATORE,109,439
179,7136,SREE SAKTHI ENGINEERING COLLEGE,Zone IX : Coimbatore - I,3.0,Affilated Non - Autonomous,ANNA UNIVERSITY,COIMBATORE,190,739
180,7139,SRI RANGANATHAR INSTITUTE OF ENGINEERING & TECHNOLOGY,Zone IX : Coimbatore - I,3.0,Affilated Non - Autonomous,ANNA UNIVERSITY,COIMBATORE,178,788
181,7142,Tamilnadu College of Engineering ,Zone IX : Coimbatore - I,3.0,Affilated Non - Autonomous,ANNA UNIVERSITY,COIMBATORE,186,573
182,7145,UNITED INSTITUTE OF TECHNOLOGY,Zone IX : Coimbatore - I,3.0,Affilated Non - Autonomous,ANNA UNIVERSITY,COIMBATORE,269,585
183,7150,SUGUNA COLLEGE OF ENGINEERING,Zone IX : Coimbatore - I,3.0,Affilated Non - Autonomous,ANNA UNIVERSITY,COIMBATORE,237,597
184,7153,Asian College of Engineering and Technology ,Zone IX : Coimbatore - I,3.0,Affilated Non - Autonomous,ANNA UNIVERSITY,COIMBATORE,254,916
185,7155,PSG Institute of Technology and Applied Research ,Zone IX : Coimbatore - I,3.0,Affilated Non - Autonomous,ANNA UNIVERSITY,COIMBATORE,446,1424
186,7176,COIMBATORE INSTITUTE OF TECHNOLOGY,Zone X : Coimbatore - II,3.0,Govt. Aided,ANNA UNIVERSITY,COIMBATORE,0,2211
187,7177,"GOVERNMENT COLLEGE OF TECHNOLOGY, COIMBATORE",Zone IX : Coimbatore - I,3.0,Government College,ANNA UNIVERSITY,COIMBATORE,670,2886
188,7180,P.S.G. COLLEGE OF TECHNOLOGY,Zone X : Coimbatore - II,3.0,Govt. Aided,ANNA UNIVERSITY,COIMBATORE,0,4390
189,7203,Akshaya college of engineering and technology,Zone X : Coimbatore - II,3.0,Affilated Non - Autonomous,ANNA UNIVERSITY,COIMBATORE,239,702
190,7204,CMS College of Engineeering and Technology,Zone X : Coimbatore - II,3.0,Affilated Non - Autonomous,ANNA UNIVERSITY,COIMBATORE,177,569
191,7205,EASA College of Engg and Technology,Zone X : Coimbatore - II,3.0,Affilated Non - Autonomous,ANNA UNIVERSITY,COIMBATORE,332,742
192,7209,JCT College of Engineering and Technology,Zone X : Coimbatore - II,3.0,Affilated Non - Autonomous,ANNA UNIVERSITY,COIMBATORE,458,1554
193,7210,Nehru Institute of Technology,Zone X : Coimbatore - II,3.0,Affilated Non - Autonomous,ANNA UNIVERSITY,COIMBATORE,255,743
194,7211,"STUDY WORLD COLLEGE OF ENGINEERING, COIMBATORE",Zone X : Coimbatore - II,3.0,Affilated Non - Autonomous,ANNA UNIVERSITY,COIMBATORE,112,457
195,7212,KARPAGAM INSTITUTE OF TECHNOLOGY,Zone X : Coimbatore - II,3.0,Affilated Non - Autonomous,ANNA UNIVERSITY,COIMBATORE,429,1472
196,7214,NEHRU INSTITUTE OF ENGINEERING AND TECHNOLOGY,Zone X : Coimbatore - II,3.0,Affilated Non - Autonomous,ANNA UNIVERSITY,COIMBATORE,630,1866
197,7218,RATHINAM TECHNICAL CAMPUS,Zone X : Coimbatore - II,3.0,Affilated Non - Autonomous,ANNA UNIVERSITY,COIMBATORE,0,844
198,7219,DHANALAKSHMI SRINIVASAN COLLEGE OF ENGINEERING,Zone X : Coimbatore - II,3.0,Affilated Non - Autonomous,ANNA UNIVERSITY,COIMBATORE,774,2365
199,7236,"Pollachi institute of engineering and technology, pollachi",Zone X : Coimbatore - II,3.0,Affilated Non - Autonomous,ANNA UNIVERSITY,COIMBATORE,83,464
200,7237,V.S.B. COLLEGE OF ENGINEERING TECHNICAL CAMPUS,Zone X : Coimbatore - II,3.0,Affilated Non - Autonomous,ANNA UNIVERSITY,COIMBATORE,475,1298
201,7239,"Arjun College of Technology , Coimbatore ",Zone X : Coimbatore - II,3.0,Affilated Non - Autonomous,ANNA UNIVERSITY,COIMBATORE,112,563
202,7240,"DHAANISH AHMED INSTITUTE OF TECHNOLOGY,COIMBATORE",Zone X : Coimbatore - II,3.0,Affilated Non - Autonomous,ANNA UNIVERSITY,COIMBATORE,209,632
203,7301,AISHWARYA COLLEGE OF ENGINEERING AND TECHNOLOGY,Zone XI : Erode,3.0,Affilated Non - Autonomous,ANNA UNIVERSITY,ERODE,7,138
204,7303,Builders Engineering College,Zone XI : Erode,3.0,Affilated Non - Autonomous,ANNA UNIVERSITY,TIRUPPUR,295,954
205,7307,Excel college of Engineering and Technology ,Zone XI : Erode,3.0,Affilated Non - Autonomous,ANNA UNIVERSITY,NAMAKKAL,0,165
206,7311,Government College of Engineering  Erode,Zone XI : Erode,3.0,Government College,ANNA UNIVERSITY,ERODE,378,1453
207,7312,JKK MUNIRAJAH COLLEGE OF TECHNOLOGY ,Zone XI : Erode,3.0,Affilated Non - Autonomous,ANNA UNIVERSITY,ERODE,175,464
208,7313,J. K. K. NATARAJA COLLEGE OF ENGINEERING AND TECHNOLOGY ,Zone XI : Erode,3.0,Affilated Non - Autonomous,ANNA UNIVERSITY,NAMAKKAL,137,514
209,7316,K S R INSTITUTE FOR ENGINEERING AND TECHNOLOGY,Zone XI : Erode,3.0,Affilated Non - Autonomous,ANNA UNIVERSITY,NAMAKKAL,435,1341
210,7317,M.P. NACHIMUTHU M. JAGANATHAN ENGINEERING COLLEGE,Zone XI : Erode,3.0,Affilated Non - Autonomous,ANNA UNIVERSITY,ERODE,197,536
211,7321,Nandha College of Technology,Zone XI : Erode,3.0,Affilated Non - Autonomous,ANNA UNIVERSITY,ERODE,276,906
212,7323,S.S.M. COLLEGE OF ENGINEERING,Zone XI : Erode,3.0,Affilated Non - Autonomous,ANNA UNIVERSITY,NAMAKKAL,184,1148
213,7324,SASURIE COLLEGE OF ENGINEERING ,Zone XI : Erode,3.0,Affilated Non - Autonomous,ANNA UNIVERSITY,TIRUPPUR,80,173
214,7325,SHREE VENKATESHWARA HI-TECH ENGINEERING COLLEGE,Zone XI : Erode,3.0,Affilated Non - Autonomous,ANNA UNIVERSITY,ERODE,264,997
215,7327,Sri shanmugha college of engineering and technology,Zone XI : Erode,3.0,Affilated Non - Autonomous,ANNA UNIVERSITY,SALEM,362,973
216,7328,Surya Engineering College ,Zone XI : Erode,3.0,Affilated Non - Autonomous,ANNA UNIVERSITY,ERODE,76,775
217,7331,VIDYAA VIKAS COLLEGE OF ENGINEERING AND TECHNOLOGY,Zone XI : Erode,3.0,Affilated Non - Autonomous,ANNA UNIVERSITY,NAMAKKAL,108,453
218,7333,JAIRUPAA COLLEGE OF ENGINEERING,Zone XI : Erode,3.0,Affilated Non - Autonomous,ANNA UNIVERSITY,TIRUPPUR,4,120
219,8100,"University College of Engineering, BIT Campus, Trichy",Zone XVIII : Trichy,5.0,University Constituent Colleges,ANNA UNIVERSITY,TIRUCHIRAPPALLI,801,3610
220,8106,DR.NAVALAR NEDUNCHEZHIYAN COLLEGE OF ENGINEERING,Zone XII : Ariyalur,3.0,Affilated Non - Autonomous,ANNA UNIVERSITY,CUDDALORE,59,315
221,8107,CARE College of Engineering,Zone XVIII : Trichy,5.0,Affilated Non - Autonomous,ANNA UNIVERSITY,TIRUCHIRAPPALLI,267,615
222,8110,IMAYAM COLLEGE OF ENGINEERING,Zone XVIII : Trichy,5.0,Affilated Non - Autonomous,ANNA UNIVERSITY,TIRUCHIRAPPALLI,99,279
223,8112,INDRA GANESAN COLLEGE OF ENGINEERING,Zone XVIII : Trichy,5.0,Affilated Non - Autonomous,ANNA UNIVERSITY,TIRUCHIRAPPALLI,249,627
224,8113,J.J.College Of Engineering and Technology,Zone XVIII : Trichy,5.0,Affilated Non - Autonomous,ANNA UNIVERSITY,TIRUCHIRAPPALLI,496,1068
225,8114,JAYARAM COLLEGE OF ENGINEERING AND TECHNOLOGY,Zone XVIII : Trichy,5.0,Affilated Non - Autonomous,ANNA UNIVERSITY,TIRUCHIRAPPALLI,9,315
226,8118,KURINJI COLLEGE OF ENGINEERING AND TECHNOLOGY,Zone XVIII : Trichy,5.0,Affilated Non - Autonomous,ANNA UNIVERSITY,TIRUCHIRAPPALLI,11,134
227,8120,M.A.M. COLLEGE OF ENGINEERING AND TECHNOLOGY,Zone XII : Ariyalur,3.0,Affilated Non - Autonomous,ANNA UNIVERSITY,TIRUCHIRAPPALLI,358,1020
228,8121,M.A.M. SCHOOL OF ENGINEERING,Zone XII : Ariyalur,3.0,Affilated Non - Autonomous,ANNA UNIVERSITY,TIRUCHIRAPPALLI,284,872
229,8124,M.I.E.T. ENGINEERING COLLEGE,Zone XVIII : Trichy,5.0,Affilated Non - Autonomous,ANNA UNIVERSITY,TIRUCHIRAPPALLI,355,1357
230,8125,MAHALAKSHMI ENGINEERING COLLEGE,Zone XVIII : Trichy,5.0,Affilated Non - Autonomous,ANNA UNIVERSITY,TIRUCHIRAPPALLI,29,249
231,8126,M.A.M College of Engineering,Zone XII : Ariyalur,3.0,Affilated Non - Autonomous,ANNA UNIVERSITY,TIRUCHIRAPPALLI,513,1380
232,8127,MEENAKSHI RAMASWAMY ENGINEERING COLLEGE,Zone XII : Ariyalur,3.0,Affilated Non - Autonomous,ANNA UNIVERSITY,ARIYALUR,146,852
233,8128,MOOKAMBIGAI COLLEGE OF ENGINEERING,Zone XVIII : Trichy,5.0,Affilated Non - Autonomous,ANNA UNIVERSITY,PUDUKKOTTAI,262,990
234,8129,"OASYS Institute of Technology, Trichy",Zone XVIII : Trichy,5.0,Affilated Non - Autonomous,ANNA UNIVERSITY,TIRUCHIRAPPALLI,107,378
235,8130,OXFORD ENGINEERING COLLEGE,Zone XVIII : Trichy,5.0,Affilated Non - Autonomous,ANNA UNIVERSITY,TIRUCHIRAPPALLI,119,873
236,8131,Pavendar Bharathidasan College of Engineering and Technology,Zone XVIII : Trichy,5.0,Affilated Non - Autonomous,ANNA UNIVERSITY,TIRUCHIRAPPALLI,209,516
237,8135,ROEVER ENGINEERING COLLEGE,Zone XII : Ariyalur,3.0,Affilated Non - Autonomous,ANNA UNIVERSITY,PERAMBALUR,348,1076
238,8138,SARANATHAN COLLEGE OF ENGINEERING,Zone XVIII : Trichy,5.0,Affilated Non - Autonomous,ANNA UNIVERSITY,TIRUCHIRAPPALLI,684,2389
239,8139,SHIVANI ENGINEERING COLLEGE,Zone XVIII : Trichy,5.0,Affilated Non - Autonomous,ANNA UNIVERSITY,TIRUCHIRAPPALLI,190,276
240,8142,SHRI ANGALA AMMAN COLLEGE OF ENGINEERING AND TECHNOLOGY,Zone XII : Ariyalur,3.0,Affilated Non - Autonomous,ANNA UNIVERSITY,TIRUCHIRAPPALLI,0,51
241,8144,"Sudharsan Engineering College,Pudukkottai",Zone XVIII : Trichy,5.0,Affilated Non - Autonomous,ANNA UNIVERSITY,PUDUKKOTTAI,97,358
242,8146,TRICHY ENGINEERING COLLEGE,Zone XII : Ariyalur,3.0,Affilated Non - Autonomous,ANNA UNIVERSITY,TIRUCHIRAPPALLI,79,474
243,8147,SRM TRP ENGINEERING COLLEGE,Zone XII : Ariyalur,3.0,Affilated Non - Autonomous,ANNA UNIVERSITY,TIRUCHIRAPPALLI,538,1462
244,8148,"UNIVERSITY COLLEGE OF ENGINEERING, ARIYALUR",Zone XII : Ariyalur,3.0,University Constituent Colleges,ANNA UNIVERSITY,ARIYALUR,133,440
245,8150,DHANALAKSHMI SRINIVASAN INSTITUTE OF RESEARCH AND TECHNOLOGY,Zone XII : Ariyalur,3.0,Affilated Non - Autonomous,ANNA UNIVERSITY,PERAMBALUR,0,519
246,8151,DHANALAKSHMI SRINIVASAN INSTITUTE OF TECHNOLOGY,Zone XII : Ariyalur,3.0,Affilated Non - Autonomous,ANNA UNIVERSITY,TIRUCHIRAPPALLI,0,444
247,8154,SRI RAMAKRISHNA COLLEGE OF ENGINEERING,Zone XII : Ariyalur,3.0,Affilated Non - Autonomous,ANNA UNIVERSITY,PERAMBALUR,208,541
248,8155,SURYA COLLEGE OF ENGINEERING,Zone XII : Ariyalur,3.0,Affilated Non - Autonomous,ANNA UNIVERSITY,TIRUCHIRAPPALLI,31,203
249,8156,ARIYALUR ENGINEERING COLLEGE ,Zone XII : Ariyalur,3.0,Affilated Non - Autonomous,ANNA UNIVERSITY,ARIYALUR,95,742
250,8158,NELLIANDAVAR INSTITUTE OF TECHNOLOGY,Zone XII : Ariyalur,3.0,Affilated Non - Autonomous,ANNA UNIVERSITY,ARIYALUR,119,699
251,8201,A.R.J. COLLEGE OF ENGINEERING AND TECHNOLOGY,Zone XIII : Pattukkottai,4.0,Affilated Non - Autonomous,ANNA UNIVERSITY,TIRUVARUR,157,459
252,8203,A.V.C COLLEGE OF ENGINEERING,Zone XIII : Pattukkottai,4.0,Affilated Non - Autonomous,ANNA UNIVERSITY,MAYILADUTHURAI,248,1049
253,8204,ANJALAI AMMAL MAHALINGAM ENGINEERING COLLEGE,Zone XIII : Pattukkottai,4.0,Affilated Non - Autonomous,ANNA UNIVERSITY,TIRUVARUR,357,1457
254,8205,ANNAI COLLEGE OF ENGINEERING AND TECHNOLOGY,Zone XIII : Pattukkottai,4.0,Affilated Non - Autonomous,ANNA UNIVERSITY,THANJAVUR,186,1401
255,8206,ARASU ENGINEERING COLLEGE,Zone XIII : Pattukkottai,4.0,Affilated Non - Autonomous,ANNA UNIVERSITY,THANJAVUR,275,1133
256,8207,AS-SALAM COLLEGE OF ENGINEERING & TECHNOLOGY,Zone XIII : Pattukkottai,4.0,Affilated Non - Autonomous,ANNA UNIVERSITY,THANJAVUR,77,363
257,8210,K.S.K COLLEGE OF ENGINEERING AND TECHNOLOGY ,Zone XIII : Pattukkottai,4.0,Affilated Non - Autonomous,ANNA UNIVERSITY,THANJAVUR,171,867
258,8211,Kings College of Engineering,Zone XIII : Pattukkottai,4.0,Affilated Non - Autonomous,ANNA UNIVERSITY,PUDUKKOTTAI,296,947
259,8212,P.R.ENGINEERING COLLEGE,Zone XIII : Pattukkottai,4.0,Affilated Non - Autonomous,ANNA UNIVERSITY,THANJAVUR,57,158
260,8213,Parisutham Institute of Technology and Science ,Zone XIII : Pattukkottai,4.0,Affilated Non - Autonomous,ANNA UNIVERSITY,THANJAVUR,96,296
261,8216,Sembodai Rukmani varatharajan engineering college,Zone XIII : Pattukkottai,4.0,Affilated Non - Autonomous,ANNA UNIVERSITY,NAGAPATTINAM,6,73
262,8217,Sir Issac Newton College of Engineering and Technology,Zone XIII : Pattukkottai,4.0,Affilated Non - Autonomous,ANNA UNIVERSITY,NAGAPATTINAM,299,1026
263,8218,SMR EAST COAST COLLEGE OF ENGINEERING AND TECHNOLOGY,Zone XIII : Pattukkottai,4.0,Affilated Non - Autonomous,ANNA UNIVERSITY,THANJAVUR,0,15
264,8219,"St.Joseph's College of Engineering and Technology , Thanjavur ",Zone XIII : Pattukkottai,4.0,Affilated Non - Autonomous,ANNA UNIVERSITY,THANJAVUR,204,568
265,8220,Star Lion College of Engineering and Technology,Zone XIII : Pattukkottai,4.0,Affilated Non - Autonomous,ANNA UNIVERSITY,THANJAVUR,58,496
266,8221,University College of Engineering Pattukkottai,Zone XIII : Pattukkottai,4.0,University Constituent Colleges,ANNA UNIVERSITY,THANJAVUR,128,571
267,8222,University College of Engineering Thirukkuvalai,Zone XIII : Pattukkottai,4.0,University Constituent Colleges,ANNA UNIVERSITY,NAGAPATTINAM,119,433
268,8223,VANDAYAR ENGINEERING COLLEGE,Zone XIII : Pattukkottai,4.0,Affilated Non - Autonomous,ANNA UNIVERSITY,THANJAVUR,24,332
269,8224,M R K INSTITUTE OF TECHNOLOGY,Zone XXI : Villupuram,5.0,Affilated Non - Autonomous,ANNA UNIVERSITY,CUDDALORE,311,1087
270,8226,ARIFA INSTITUTE OF TECHNOLOGY,Zone XIII : Pattukkottai,4.0,Affilated Non - Autonomous,ANNA UNIVERSITY,NAGAPATTINAM,114,358
271,8227,"GOVERNMENT COLLEGE OF ENGINEERING, THANJAVUR",Zone XIII : Pattukkottai,4.0,Government College,ANNA UNIVERSITY,THANJAVUR,239,1086
272,8301,Government College of Engineering Srirangam ,Zone XVIII : Trichy,5.0,Government College,ANNA UNIVERSITY,TIRUCHIRAPPALLI,274,1098
273,9100,Anna University Regional Campus Madurai ,Zone XXII : Madurai,5.0,University Regional Campus,ANNA UNIVERSITY,MADURAI,218,869
274,9102,CENTRAL ELECTROCHEMICAL RESEARCH INSTITUTE (CSIR) KARAIKUDI,Zone XIV : Karaikudi,4.0,Affilated Non - Autonomous,ANNA UNIVERSITY,SIVAGANGAI,38,146
275,9103,CHENDHURAN COLLEGE OF ENGINEERING AND TECHNOLOGY,Zone XIV : Karaikudi,4.0,Affilated Non - Autonomous,ANNA UNIVERSITY,PUDUKKOTTAI,154,287
276,9104,Fatima Michael College of engineering and technology ,Zone XIV : Karaikudi,4.0,Affilated Non - Autonomous,ANNA UNIVERSITY,MADURAI,157,450
277,9105,GANAPATHY CHETTIAR COLLEGE OF ENGINEERING AND TECHNOLOGY,Zone XIV : Karaikudi,4.0,Affilated Non - Autonomous,ANNA UNIVERSITY,RAMANATHAPURAM,0,155
278,9107,K.L.N.COLLEGE OF INFORMATION TECHNOLOGY,Zone XXII : Madurai,5.0,Affilated Non - Autonomous,ANNA UNIVERSITY,SIVAGANGAI,0,87
279,9108,KARAIKUDI INSTITUTE OF TECHNOLOGY AND KARAIKUDI INSTITUTE OF MANAGEMENT,Zone XIV : Karaikudi,4.0,Affilated Non - Autonomous,ANNA UNIVERSITY,SIVAGANGAI,48,216
280,9110,LATHA MATHAVAN ENGINEERING COLLEGE,Zone XXII : Madurai,5.0,Affilated Non - Autonomous,ANNA UNIVERSITY,MADURAI,160,536
281,9111,MADURAI INSTITUTE OF ENGINEERING AND TECHNOLOGY,Zone XXII : Madurai,5.0,Affilated Non - Autonomous,ANNA UNIVERSITY,SIVAGANGAI,0,137
282,9112,MAHATH AMMA INSTITUTE OF ENGINEERING AND TECHNOLOGY,Zone XIV : Karaikudi,4.0,Affilated Non - Autonomous,ANNA UNIVERSITY,PUDUKKOTTAI,67,674
283,9114,MNSK ENGINEERING COLLEGE ,Zone XIV : Karaikudi,4.0,Affilated Non - Autonomous,ANNA UNIVERSITY,PUDUKKOTTAI,10,109
284,9115,MOHAMED SATHAK ENGINEERING COLLEGE,Zone XIV : Karaikudi,4.0,Affilated Non - Autonomous,ANNA UNIVERSITY,RAMANATHAPURAM,371,1054
285,9116,MOTHER TERASA COLLEGE OF ENGINEERING AND TECHNOLOGY,Zone XIV : Karaikudi,4.0,Affilated Non - Autonomous,ANNA UNIVERSITY,PUDUKKOTTAI,125,426
286,9117,MOUNT ZION COLLEGE OF ENGINEERING AND TECHNOLOGY,Zone XIV : Karaikudi,4.0,Affilated Non - Autonomous,ANNA UNIVERSITY,PUDUKKOTTAI,250,1097
287,9119,P.T.R.COLLEGE OF ENGINEERING AND TECHNOLOGY,Zone XXII : Madurai,5.0,Affilated Non - Autonomous,ANNA UNIVERSITY,MADURAI,16,151
288,9120,PANDIAN SARASWATHI YADAV ENGINEERING COLLEGE,Zone XIV : Karaikudi,4.0,Affilated Non - Autonomous,ANNA UNIVERSITY,SIVAGANGAI,163,546
289,9122,Solamalai College of Engineering,Zone XXII : Madurai,5.0,Affilated Non - Autonomous,ANNA UNIVERSITY,MADURAI,153,515
290,9123,SACS M.A.V.M.M ENGINEERING COLLEGE,Zone XXII : Madurai,5.0,Affilated Non - Autonomous,ANNA UNIVERSITY,MADURAI,149,621
291,9124,SHANMUGANATHAN ENGINEERING COLLEGE,Zone XIV : Karaikudi,4.0,Affilated Non - Autonomous,ANNA UNIVERSITY,PUDUKKOTTAI,110,479
292,9125,SRI RAAJA RAAJAN COLLEGE OF ENGINEERING AND TECHNOLOGY,Zone XIV : Karaikudi,4.0,Affilated Non - Autonomous,ANNA UNIVERSITY,SIVAGANGAI,220,736
293,9126,Sri Bharathi Engineering College for Women,Zone XIV : Karaikudi,4.0,Affilated Non - Autonomous,ANNA UNIVERSITY,PUDUKKOTTAI,122,271
294,9127,ST.MICHAEL COLLEGE OF ENGINEERING & TECHNOLOGY,Zone XIV : Karaikudi,4.0,Affilated Non - Autonomous,ANNA UNIVERSITY,SIVAGANGAI,183,462
295,9128,Syed Ammal Engineering College,Zone XIV : Karaikudi,4.0,Affilated Non - Autonomous,ANNA UNIVERSITY,RAMANATHAPURAM,218,673
296,9129,ULTRA College of Engineering& Technology,Zone XXII : Madurai,5.0,Affilated Non - Autonomous,ANNA UNIVERSITY,MADURAI,73,292
297,9130,University College of Engineering Ramanathapuram,Zone XIV : Karaikudi,4.0,University Constituent Colleges,ANNA UNIVERSITY,RAMANATHAPURAM,84,354
298,9131,VELAMMAL COLLEGE OF ENGINEERING AND TECHNOLOGY,Zone XXII : Madurai,5.0,Affilated Non - Autonomous,ANNA UNIVERSITY,MADURAI,580,2036
299,9132,VICKRAM COLLEGE OF ENGINEERING,Zone XIV : Karaikudi,4.0,Affilated Non - Autonomous,ANNA UNIVERSITY,SIVAGANGAI,0,12
300,9133,Vaigai College of Engineering,Zone XXII : Madurai,5.0,Affilated Non - Autonomous,ANNA UNIVERSITY,MADURAI,134,659
301,9176,Alagappa Chettiar Government College of Engineering and Technology,Zone XIV : Karaikudi,4.0,Government College,ANNA UNIVERSITY,SIVAGANGAI,397,1680
302,9177,"Thiagarajar College of Engineering, Madurai",Zone XXII : Madurai,5.0,Govt. Aided,ANNA UNIVERSITY,MADURAI,0,1353
303,9201,BHARATH NIKETAN ENGINEERING COLLEGE,Zone XV : Dindigul,4.0,Affilated Non - Autonomous,ANNA UNIVERSITY,THENI,225,616
304,9202,CHETTINAD COLLEGE OF ENGINEERING AND TECHNOLOGY,Zone XV : Dindigul,4.0,Affilated Non - Autonomous,ANNA UNIVERSITY,KARUR,235,705
305,9203,CHRISTIAN COLLEGE OF ENGINEERING AND TECHNOLOGY,Zone XV : Dindigul,4.0,Affilated Non - Autonomous,ANNA UNIVERSITY,DINDIGUL,133,801
306,9208,N P R COLLEGE OF ENGINEERING AND TECHNOLOGY,Zone XV : Dindigul,4.0,Affilated Non - Autonomous,ANNA UNIVERSITY,DINDIGUL,358,979
307,9209,N.S.N. College of Engineering and Technology ,Zone XV : Dindigul,4.0,Affilated Non - Autonomous,ANNA UNIVERSITY,KARUR,163,713
308,9210,Nadar Saraswathi College of Engineering and Technology,Zone XV : Dindigul,4.0,Affilated Non - Autonomous,ANNA UNIVERSITY,THENI,249,771
309,9213,PSNA COLLEGE OF ENGINEERING AND TECHNOLOGY,Zone XV : Dindigul,4.0,Affilated Non - Autonomous,ANNA UNIVERSITY,DINDIGUL,0,3224
310,9214,RVS EDUCATIONAL TRUSTS GROUP OF INSTITUTIONS,Zone XV : Dindigul,4.0,Affilated Non - Autonomous,ANNA UNIVERSITY,DINDIGUL,114,500
311,9215,R.V.S. College of Engineering,Zone XV : Dindigul,4.0,Affilated Non - Autonomous,ANNA UNIVERSITY,DINDIGUL,133,508
312,9216,SBM COLLEGE OF ENGINEERING AND TECHNOLOGY,Zone XV : Dindigul,4.0,Affilated Non - Autonomous,ANNA UNIVERSITY,DINDIGUL,207,1427
313,9218,Sree Sowdambika College of Engineering Aruppukottai ,Zone XXII : Madurai,5.0,Affilated Non - Autonomous,ANNA UNIVERSITY,VIRUDHUNAGAR,130,576
314,9219,SRI SUBRAMANYA COLLEGE OF ENGINEERING AND TECHNOLOGY,Zone XV : Dindigul,4.0,Affilated Non - Autonomous,ANNA UNIVERSITY,DINDIGUL,12,39
315,9220,Sri Vidya college of engineering and technology,Zone XXII : Madurai,5.0,Affilated Non - Autonomous,ANNA UNIVERSITY,VIRUDHUNAGAR,81,248
316,9221,SSM INSTITUTE OF ENGINEERING AND TECHNOLOGY,Zone XV : Dindigul,4.0,Affilated Non - Autonomous,ANNA UNIVERSITY,DINDIGUL,293,1121
317,9222,Theni Kammavar Sangam College of Technology,Zone XV : Dindigul,4.0,Affilated Non - Autonomous,ANNA UNIVERSITY,THENI,169,580
318,9223,"UNIVERSITY COLLEGE OF ENGINEERING, DINDIGUL",Zone XV : Dindigul,4.0,University Constituent Colleges,ANNA UNIVERSITY,DINDIGUL,164,643
319,9225,"V.S.B. ENGINEERING COLLEGE, KARUR",Zone XV : Dindigul,4.0,Affilated Non - Autonomous,ANNA UNIVERSITY,KARUR,991,3545
320,9230,"Arulmurugan College Of Engineering, Karur",Zone XV : Dindigul,4.0,Affilated Non - Autonomous,ANNA UNIVERSITY,KARUR,40,287
321,9233,GOVERNMENT COLLEGE OF ENGINEERING,Zone XV : Dindigul,4.0,Government College,ANNA UNIVERSITY,THENI,240,1000
322,9236,JAINEE COLLEGE OF ENGINEERING AND TECHNOLOGY,Zone XV : Dindigul,4.0,Affilated Non - Autonomous,ANNA UNIVERSITY,DINDIGUL,9,22
323,9238,MANGAYARKARASI COLLEGE OF ENGINEERING,Zone XXII : Madurai,5.0,Affilated Non - Autonomous,ANNA UNIVERSITY,MADURAI,272,1011
324,9500,"ANNA UNIVERSITY REGIONAL CAMPUS, TIRUNELVELI",Zone XX : Tirunelveli-II,5.0,University Regional Campus,ANNA UNIVERSITY,TIRUNELVELI,184,790
325,9501,A.R. COLLEGE OF ENGINEERING AND TECHNOLOGY,Zone XVI : Tirunelveli-I,4.0,Affilated Non - Autonomous,ANNA UNIVERSITY,TENKASI,0,22
326,9503,GRACE COLLEGE OF ENGINEERING,Zone XX : Tirunelveli-II,5.0,Affilated Non - Autonomous,ANNA UNIVERSITY,THOOTHUKUDI,178,435
327,9504,Dr.G.U.Pope College of Engineering,Zone XX : Tirunelveli-II,5.0,Affilated Non - Autonomous,ANNA UNIVERSITY,THOOTHUKUDI,175,497
328,9505,"Dr.Sivanthi Aditanar College of Engineering, Tiruchendur",Zone XX : Tirunelveli-II,5.0,Affilated Non - Autonomous,ANNA UNIVERSITY,THOOTHUKUDI,171,659
329,9506,EINSTEIN COLLEGE OF ENGINEERING,Zone XVI : Tirunelveli-I,4.0,Affilated Non - Autonomous,ANNA UNIVERSITY,TIRUNELVELI,226,796
330,9508,Government College of Engineering,Zone XVI : Tirunelveli-I,4.0,Government College,ANNA UNIVERSITY,TIRUNELVELI,389,1739
331,9509,Holycross Engineering college ,Zone XX : Tirunelveli-II,5.0,Affilated Non - Autonomous,ANNA UNIVERSITY,THOOTHUKUDI,204,476
332,9510,INFANT JESUS COLLEGE OF ENGINEERING,Zone XX : Tirunelveli-II,5.0,Affilated Non - Autonomous,ANNA UNIVERSITY,THOOTHUKUDI,20,60
333,9512,J P COLLEGE OF ENGINEERING,Zone XVI : Tirunelveli-I,4.0,Affilated Non - Autonomous,ANNA UNIVERSITY,TENKASI,222,901
334,9513,Jayaraj Annapackiam CSI College of Engineering,Zone XX : Tirunelveli-II,5.0,Affilated Non - Autonomous,ANNA UNIVERSITY,THOOTHUKUDI,267,845
335,9516,MAHAKAVI BHARATHIYAR COLLEGE OF ENGINEERING AND TECHNOLOGY,Zone XVI : Tirunelveli-I,4.0,Affilated Non - Autonomous,ANNA UNIVERSITY,TENKASI,9,123
336,9518,NELLAI COLLEGE OF ENGINEERING,Zone XX : Tirunelveli-II,5.0,Affilated Non - Autonomous,ANNA UNIVERSITY,TIRUNELVELI,92,309
337,9520,P.S.R.R COLLEGE OF ENGINEERING,Zone XVI : Tirunelveli-I,4.0,Affilated Non - Autonomous,ANNA UNIVERSITY,VIRUDHUNAGAR,150,259
338,9523,PSN ENGINEERING COLLEGE,Zone XVI : Tirunelveli-I,4.0,Affilated Non - Autonomous,ANNA UNIVERSITY,TIRUNELVELI,160,683
339,9524,PSN INSTITUTE OF TECHNOLOGY AND SCIENCE ,Zone XVI : Tirunelveli-I,4.0,Affilated Non - Autonomous,ANNA UNIVERSITY,TIRUNELVELI,110,559
340,9525,Renganayagi Varatharaj college of engineering ,Zone XVI : Tirunelveli-I,4.0,Affilated Non - Autonomous,ANNA UNIVERSITY,VIRUDHUNAGAR,118,343
341,9526,S.VEERASAMY CHETTIAR COLLEGE OF ENGINEERING AND TECHNOLOGY,Zone XVI : Tirunelveli-I,4.0,Affilated Non - Autonomous,ANNA UNIVERSITY,TENKASI,118,387
342,9527,Sardar Raja College of Engineering,Zone XVI : Tirunelveli-I,4.0,Affilated Non - Autonomous,ANNA UNIVERSITY,TENKASI,104,266
343,9528,SCAD College of Engineering and Technology ,Zone XVI : Tirunelveli-I,4.0,Affilated Non - Autonomous,ANNA UNIVERSITY,TIRUNELVELI,205,916
344,9530,ST.MOTHER THERESA ENGINEERING COLLEGE,Zone XX : Tirunelveli-II,5.0,Affilated Non - Autonomous,ANNA UNIVERSITY,THOOTHUKUDI,137,613
345,9531,THAMIRABHARANI ENGINEERING COLLEGE,Zone XVI : Tirunelveli-I,4.0,Affilated Non - Autonomous,ANNA UNIVERSITY,TIRUNELVELI,226,755
346,9532,"UNIVERSITY COLLEGE OF ENGINEERING, THOOTHUKUDI",Zone XX : Tirunelveli-II,5.0,University Constituent Colleges,ANNA UNIVERSITY,THOOTHUKUDI,97,615
347,9533,Unnamalai Institute of Technology,Zone XVI : Tirunelveli-I,4.0,Affilated Non - Autonomous,ANNA UNIVERSITY,THOOTHUKUDI,134,263
348,9534,V V College of Engineering ,Zone XX : Tirunelveli-II,5.0,Affilated Non - Autonomous,ANNA UNIVERSITY,THOOTHUKUDI,225,770
349,9535,V.P.MUTHAIAH PILLAI MEENAKSHI AMMAL ENGINEERING COLLEGE FOR WOMEN,Zone XVI : Tirunelveli-I,4.0,Affilated Non - Autonomous,ANNA UNIVERSITY,VIRUDHUNAGAR,0,36
350,9536,RAMCO INSTITUTE OF TECHNOLOGY,Zone XXII : Madurai,5.0,Affilated Non - Autonomous,ANNA UNIVERSITY,VIRUDHUNAGAR,590,1584
351,9537,AAA College of Engineering and Technology,Zone XXII : Madurai,5.0,Affilated Non - Autonomous,ANNA UNIVERSITY,VIRUDHUNAGAR,252,894
352,9601,"ANNAI VAILANKANNI COLLEGE OF ENGINEERING, KANYAKUMARI ",Zone XVII : Nagercoil,5.0,Affilated Non - Autonomous,ANNA UNIVERSITY,KANYAKUMARI,145,535
353,9602,ARUNACHALA COLLEGE OF ENGINEERING FOR WOMEN,Zone XVII : Nagercoil,5.0,Affilated Non - Autonomous,ANNA UNIVERSITY,KANYAKUMARI,409,1357
354,9603,BETHLAHEM INSTITUTE OF ENGINEERING,Zone XVII : Nagercoil,5.0,Affilated Non - Autonomous,ANNA UNIVERSITY,KANYAKUMARI,144,625
355,9604,C.S.I. INSTITUTE OF TECHNOLOGY,Zone XVII : Nagercoil,5.0,Affilated Non - Autonomous,ANNA UNIVERSITY,KANYAKUMARI,158,386
356,9605,CAPE INSTITUTE OF TECHNOLOGY,Zone XX : Tirunelveli-II,5.0,Affilated Non - Autonomous,ANNA UNIVERSITY,TIRUNELVELI,150,1125
357,9606,DMI ENGINEERING COLLEGE,Zone XX : Tirunelveli-II,5.0,Affilated Non - Autonomous,ANNA UNIVERSITY,KANYAKUMARI,136,483
358,9607,IMMANUEL ARASAR J J COLLEGE OF ENGINEERING,Zone XVII : Nagercoil,5.0,Affilated Non - Autonomous,ANNA UNIVERSITY,KANYAKUMARI,6,26
359,9609,Jayamatha Engineering College,Zone XX : Tirunelveli-II,5.0,Affilated Non - Autonomous,ANNA UNIVERSITY,KANYAKUMARI,24,77
360,9611,LORD JEGANNATH COLLEGE OF ENGINEERING AND TECHNOLOGY,Zone XVII : Nagercoil,5.0,Affilated Non - Autonomous,ANNA UNIVERSITY,KANYAKUMARI,55,305
361,9612,Loyola Institute of Technology and Science,Zone XVII : Nagercoil,5.0,Affilated Non - Autonomous,ANNA UNIVERSITY,KANYAKUMARI,365,1176
362,9613,M.E.T. ENGINEERING COLLEGE,Zone XX : Tirunelveli-II,5.0,Affilated Non - Autonomous,ANNA UNIVERSITY,KANYAKUMARI,133,368
363,9614,MAR EPHRAEM COLLEGE OF ENGINEERING AND TECHNOLOGY,Zone XVII : Nagercoil,5.0,Affilated Non - Autonomous,ANNA UNIVERSITY,KANYAKUMARI,286,1072
364,9615,MARIA COLLEGE OF ENGINEERING AND TECHNOLOGY,Zone XVII : Nagercoil,5.0,Affilated Non - Autonomous,ANNA UNIVERSITY,KANYAKUMARI,55,464
365,9616,MARTHANDAM COLLEGE OF ENGINEERING AND TECHNOLOGY,Zone XVII : Nagercoil,5.0,Affilated Non - Autonomous,ANNA UNIVERSITY,KANYAKUMARI,124,656
366,9617,NARAYANAGURU COLLEGE OF ENGINEERING,Zone XVII : Nagercoil,5.0,Affilated Non - Autonomous,ANNA UNIVERSITY,KANYAKUMARI,82,315
367,9618,PONJESLY COLLEGE OF ENGINEERING,Zone XVII : Nagercoil,5.0,Affilated Non - Autonomous,ANNA UNIVERSITY,KANYAKUMARI,366,1408
368,9619,Rajas Institute of technology ,Zone XVII : Nagercoil,5.0,Affilated Non - Autonomous,ANNA UNIVERSITY,KANYAKUMARI,54,208
369,9620,SATYAM COLLEGE OF ENGINEERING AND TECHNOLOGY,Zone XX : Tirunelveli-II,5.0,Affilated Non - Autonomous,ANNA UNIVERSITY,KANYAKUMARI,144,849
370,9621,SIVAJI COLLEGE OF ENGINEERING AND TECHNOLOGY,Zone XVII : Nagercoil,5.0,Affilated Non - Autonomous,ANNA UNIVERSITY,KANYAKUMARI,62,185
371,9622,St.Xavier's Catholic College of Engineering,Zone XVII : Nagercoil,5.0,Affilated Non - Autonomous,ANNA UNIVERSITY,KANYAKUMARI,504,1842
372,9623,AMRITA COLLEGE OF ENGINEERING AND TECHNOLOGY,Zone XVII : Nagercoil,5.0,Affilated Non - Autonomous,ANNA UNIVERSITY,KANYAKUMARI,336,1076
373,9626,UDAYA SCHOOL OF ENGINEERING,Zone XVII : Nagercoil,5.0,Affilated Non - Autonomous,ANNA UNIVERSITY,KANYAKUMARI,204,1329
374,9627,Universal College of Engineering and Technology Vallioor ,Zone XX : Tirunelveli-II,5.0,Affilated Non - Autonomous,ANNA UNIVERSITY,TIRUNELVELI,108,572
375,9628,"UNIVERSITY COLLEGE OF ENGINEERING, NAGERCOIL",Zone XVII : Nagercoil,5.0,University Constituent Colleges,ANNA UNIVERSITY,KANYAKUMARI,334,1469
376,9629,Vins Christian College of engineering,Zone XVII : Nagercoil,5.0,Affilated Non - Autonomous,ANNA UNIVERSITY,KANYAKUMARI,52,197
377,9630,VINS CHRISTIAN  WOMEN'S COLLEGE OF ENGINEERING  CHUNKANKADI,Zone XVII : Nagercoil,5.0,Affilated Non - Autonomous,ANNA UNIVERSITY,KANYAKUMARI,0,31
378,9632,"PET ENGINEERING COLLEGE, VALLIOOR",Zone XX : Tirunelveli-II,5.0,Affilated Non - Autonomous,ANNA UNIVERSITY,TIRUNELVELI,173,692
379,9633,ROHINI COLLEGE OF ENGINEERING AND TECHNOLOGY,Zone XX : Tirunelveli-II,5.0,Affilated Non - Autonomous,ANNA UNIVERSITY,KANYAKUMARI,553,2240
380,9635,STELLA MARY'S COLLEGE OF ENGINEERING,Zone XVII : Nagercoil,5.0,Affilated Non - Autonomous,ANNA UNIVERSITY,KANYAKUMARI,326,1000
381,9636,LOURDES MOUNT COLLEGE OF ENGINEERING AND TECHNOLOGY,Zone XVII : Nagercoil,5.0,Affilated Non - Autonomous,ANNA UNIVERSITY,KANYAKUMARI,67,175
382,9638,GOOD SHEPHERD COLLEGE OF ENGINEERING & TECHNOLOGY,Zone XVII : Nagercoil,5.0,Affilated Non - Autonomous,ANNA UNIVERSITY,KANYAKUMARI,108,260
383,9639,Sun College of Engineering and Technology ,Zone XXII : Madurai,5.0,Affilated Non - Autonomous,ANNA UNIVERSITY,KANYAKUMARI,8,8
