College Name,College Code,Category Name,University,District,Zone,Group,Total No of students,1st year
"College Of Engineering,Guindy Campus",1,University Departments,ANNA UNIVERSITY,CHENNAI,Zone I : Chennai-I,1.0,3848,966
Alagappa college of technology anna university,2,University Departments,ANNA UNIVERSITY,CHENNAI,Zone I : Chennai-I,1.0,1814,443
"Madras Institute of Technology, Anna University",4,University Departments,ANNA UNIVERSITY,CHENNAI,Zone IV : MIT - Chromepet,1.0,2924,741
Aalim Muhammed Salegh College Of Engineering,1101,Affilated Non - Autonomous,ANNA UNIVERSITY,TIRUVALLUR,Zone I : Chennai-I,1.0,1120,280
AALIM MUHAMMED SALEGH ACADEMY OF ARCHITECTURE,1102,Architecture,ANNA UNIVERSITY,TIRUVALLUR,,,129,0
GRT INSTITUTE OF ENGINEERING AND TECHNOLOGY,1103,Affilated Non - Autonomous,ANNA UNIVERSITY,TIRUVALLUR,Zone I : Chennai-I,1.0,847,260
GOJAN SCHOOL OF BUSINESS AND TECHNOLOGY,1105,Affilated Non - Autonomous,ANNA UNIVERSITY,TIRUVALLUR,Zone I : Chennai-I,1.0,891,279
INDIRA INSTITUTE OF ENGINEERING AND TECHNOLOGY,1106,Affilated Non - Autonomous,ANNA UNIVERSITY,TIRUVALLUR,Zone I : Chennai-I,1.0,234,52
J N N INSTITUTE OF ENGINEERING,1107,Affilated Non - Autonomous,ANNA UNIVERSITY,TIRUVALLUR,Zone I : Chennai-I,1.0,825,224
JAYA ENGINEERING COLLEGE,1108,Affilated Non - Autonomous,ANNA UNIVERSITY,TIRUVALLUR,Zone I : Chennai-I,1.0,977,260
JAYA INSTITUTE OF TECHNOLOGY,1111,Affilated Non - Autonomous,ANNA UNIVERSITY,TIRUVALLUR,Zone I : Chennai-I,1.0,212,9
R.M.D. Engineering College,1112,Affilated Autonomous,ANNA UNIVERSITY,TIRUVALLUR,,,1549,0
R.M.K.Engineering College,1113,Affilated Autonomous,ANNA UNIVERSITY,CHENNAI,Zone I : Chennai-I,1.0,2254,0
Prathyusha engineering college,1114,Affilated Non - Autonomous,ANNA UNIVERSITY,TIRUVALLUR,Zone I : Chennai-I,1.0,1461,455
R M D Engineering College (Autonomous),1115,Affilated Autonomous,ANNA UNIVERSITY,TIRUVALLUR,Zone I : Chennai-I,1.0,37,0
R M K College of Engineering and Technology (Autonomous),1116,Affilated Autonomous,ANNA UNIVERSITY,TIRUVALLUR,Zone I : Chennai-I,1.0,3467,0
Veltech Multitech Dr. Rangarajan Dr. Sakunthala Engineering College,1118,Affilated Autonomous,ANNA UNIVERSITY,TIRUVALLUR,Zone I : Chennai-I,1.0,1835,0
S A Engineering College,1119,Affilated Autonomous,ANNA UNIVERSITY,TIRUVALLUR,,,2350,1
JAYA SAKTHI ENGINEERING COLLEGE,1120,Affilated Non - Autonomous,ANNA UNIVERSITY,TIRUVALLUR,Zone I : Chennai-I,1.0,304,81
SAMS COLLEGE OF ENGINEERING AND TECHNOLOGY,1121,Affilated Non - Autonomous,ANNA UNIVERSITY,TIRUVALLUR,Zone I : Chennai-I,1.0,48,6
SRI KRISHNA COLLEGE OF ENGINEERING,1123,Affilated Non - Autonomous,ANNA UNIVERSITY,RANIPET,Zone I : Chennai-I,1.0,368,26
SRI VENKATESWARA COLLEGE OF ENGINEERING AND TECHNOLOGY,1124,Affilated Non - Autonomous,ANNA UNIVERSITY,TIRUVALLUR,Zone I : Chennai-I,1.0,958,98
SRI VENKATESWARA INSTITUTE OF SCIENCE AND TECHNOLOGY,1125,Affilated Non - Autonomous,ANNA UNIVERSITY,TIRUVALLUR,Zone I : Chennai-I,1.0,220,14
	Sriram Engineering College,1126,Affilated Non - Autonomous,ANNA UNIVERSITY,TIRUVALLUR,Zone I : Chennai-I,1.0,270,83
"St.Peter's College of Engineering and Technology, Avadi, Chennai ",1127,Affilated Non - Autonomous,ANNA UNIVERSITY,TIRUVALLUR,Zone I : Chennai-I,1.0,578,141
TJS Engineering College,1128,Affilated Non - Autonomous,ANNA UNIVERSITY,TIRUVALLUR,Zone I : Chennai-I,1.0,594,184
Vel Tech High Tech Dr.Rangarajan Dr.Sakunthala Engineering College (An Autonomous Institution),1130,Affilated Autonomous,ANNA UNIVERSITY,CHENNAI,,,2299,725
Velammal Engineering College ,1132,Affilated Autonomous,ANNA UNIVERSITY,TIRUVALLUR,,,2688,778
Velammal Institute of Technology,1133,Affilated Non - Autonomous,ANNA UNIVERSITY,TIRUVALLUR,Zone I : Chennai-I,1.0,1519,503
RVS Padmavathy School of Architecture.,1135,Architecture,ANNA UNIVERSITY,TIRUVALLUR,Zone I : Chennai-I,1.0,120,0
ANNAI MIRA COLLEGE OF ENGINEERING AND TECHNOLOGY ,1137,Affilated Non - Autonomous,ANNA UNIVERSITY,TIRUVALLUR,Zone I : Chennai-I,1.0,131,0
SRI JAYARAM INSTITUTE OF ENGINEERING AND TECHNOLOGY,1138,Affilated Non - Autonomous,ANNA UNIVERSITY,TIRUVALLUR,Zone I : Chennai-I,1.0,370,41
ALPHA COLLEGE OF ENGINEERING,2101,Affilated Non - Autonomous,ANNA UNIVERSITY,CHENNAI,Zone II : Chennai-II,1.0,382,128
APOLLO ENGINEERING COLLEGE,2102,Affilated Non - Autonomous,ANNA UNIVERSITY,KANCHEEPURAM,Zone II : Chennai-II,1.0,357,96
CHENNAI INSTITUTE OF TECHNOLOGY,2104,Affilated Non - Autonomous,ANNA UNIVERSITY,KANCHEEPURAM,Zone II : Chennai-II,1.0,3574,1122
Dmi college of Engineering,2105,Affilated Non - Autonomous,ANNA UNIVERSITY,KANCHEEPURAM,Zone II : Chennai-II,1.0,1155,327
Jeppiaar Institute of technology,2106,Affilated Non - Autonomous,ANNA UNIVERSITY,KANCHEEPURAM,Zone II : Chennai-II,1.0,952,269
KINGS ENGINEERING COLLEGE,2108,Affilated Non - Autonomous,ANNA UNIVERSITY,KANCHEEPURAM,Zone II : Chennai-II,1.0,2022,665
LOYOLA INSTITUTE OF TECHNOLOGY,2109,Affilated Non - Autonomous,ANNA UNIVERSITY,KANCHEEPURAM,Zone II : Chennai-II,1.0,1067,279
MADHA ENGINEERING COLLEGE,2111,Affilated Non - Autonomous,ANNA UNIVERSITY,KANCHEEPURAM,Zone II : Chennai-II,1.0,874,213
MADHA INSTITUTE OF ENGINEERING AND TECHNOLOGY,2112,Affilated Non - Autonomous,ANNA UNIVERSITY,KANCHEEPURAM,Zone II : Chennai-II,1.0,451,64
P.B. COLLEGE OF ENGINEERING,2113,Affilated Non - Autonomous,ANNA UNIVERSITY,KANCHEEPURAM,Zone II : Chennai-II,1.0,329,193
PANIMALAR ENGINEERING COLLEGE,2114,Affilated Autonomous,ANNA UNIVERSITY,TIRUVALLUR,,,7143,2360
Panimalar Institute of Technology ,2115,Affilated Non - Autonomous,ANNA UNIVERSITY,TIRUVALLUR,Zone II : Chennai-II,1.0,2043,0
RAJALAKSHMI ENGINEERING COLLEGE,2116,Affilated Autonomous,ANNA UNIVERSITY,KANCHEEPURAM,,,5070,0
Rajalakshmi Institute of Technology ,2117,Affilated Non - Autonomous,ANNA UNIVERSITY,KANCHEEPURAM,Zone II : Chennai-II,1.0,2101,789
RAJALAKSHMI SCHOOL OF ARCHITECTURE,2118,Architecture,ANNA UNIVERSITY,KANCHEEPURAM,Zone II : Chennai-II,1.0,108,0
RAJIV GANDHI COLLEGE OF ENGINEERING,2119,Affilated Non - Autonomous,ANNA UNIVERSITY,KANCHEEPURAM,Zone II : Chennai-II,1.0,602,63
SKR Engineering College ,2120,Affilated Non - Autonomous,ANNA UNIVERSITY,TIRUVALLUR,Zone II : Chennai-II,1.0,240,102
Saveetha Engineering college (Autonomous),2122,Affilated Autonomous,ANNA UNIVERSITY,KANCHEEPURAM,,,2895,0
SREE SASTHA INSTITUTE OF ENGINEERING AND TECHNOLOGY,2124,Affilated Non - Autonomous,ANNA UNIVERSITY,TIRUVALLUR,Zone II : Chennai-II,1.0,389,106
Sri muthukumaran institute of Technology ,2126,Affilated Non - Autonomous,ANNA UNIVERSITY,KANCHEEPURAM,Zone II : Chennai-II,1.0,802,221
SRI VENKATESWARA COLLEGE OF ENGINEERING,2127,Affilated Autonomous,ANNA UNIVERSITY,KANCHEEPURAM,,,3508,0
JAYA COLLEGE OF ENGINEERING AND TECHNOLOGY,2128,Affilated Non - Autonomous,ANNA UNIVERSITY,TIRUVALLUR,Zone II : Chennai-II,1.0,118,10
St Joseph college of Engineering ,2129,Affilated Non - Autonomous,ANNA UNIVERSITY,KANCHEEPURAM,Zone II : Chennai-II,1.0,1073,265
PAPNI SCHOOL OF ARCHITECTURE,2131,Architecture,ANNA UNIVERSITY,KANCHEEPURAM,Zone II : Chennai-II,1.0,20,0
ANAND INSTITUTE OF HIGHER TECHNOLOGY,3101,Affilated Non - Autonomous,ANNA UNIVERSITY,CHENGALPATTU,Zone III : Chennai-III,1.0,1377,449
CENTRAL INSTITUTE OF PLASTICS ENGINEERING AND TECHNOLOGY,3103,Affilated Non - Autonomous,ANNA UNIVERSITY,CHENNAI,Zone III : Chennai-III,1.0,488,97
Dhanalakshmi Srinivasan College of Engineering and Technology,3105,Affilated Non - Autonomous,ANNA UNIVERSITY,KANCHEEPURAM,Zone III : Chennai-III,1.0,1628,498
EASWARI ENGINEERING COLLEGE,3106,Affilated Autonomous,ANNA UNIVERSITY,TIRUVALLUR,,,4433,1254
Jawahar Engineering College,3107,Affilated Non - Autonomous,ANNA UNIVERSITY,TIRUVALLUR,Zone III : Chennai-III,1.0,14,0
Jeppiaar Engineering College,3108,Affilated Non - Autonomous,ANNA UNIVERSITY,CHENGALPATTU,Zone III : Chennai-III,1.0,1767,504
JERUSALEM COLLEGE OF ENGINEERING,3109,Affilated Autonomous,ANNA UNIVERSITY,CHENGALPATTU,,,770,0
KCG College of Technology,3110,Affilated Non - Autonomous,ANNA UNIVERSITY,CHENGALPATTU,Zone III : Chennai-III,1.0,2229,593
LOYOLA - ICAM COLLEGE OF ENGINEERING AND TECHNOLOGY,3111,Affilated Non - Autonomous,ANNA UNIVERSITY,CHENNAI,Zone III : Chennai-III,1.0,1483,379
MARG Institute of Design and Architecture Swarnabhoomi (MIDAS),3112,Architecture,ANNA UNIVERSITY,CHENGALPATTU,Zone III : Chennai-III,1.0,207,24
MEASI ACADEMY OF ARCHITECTURE,3113,Architecture,ANNA UNIVERSITY,CHENNAI,Zone III : Chennai-III,1.0,581,146
MEENAKSHI COLLEGE OF ENGINEERING,3114,Affilated Non - Autonomous,ANNA UNIVERSITY,CHENNAI,Zone III : Chennai-III,1.0,1266,363
MEENAKSHI SUNDARARAJAN ENGINEERING COLLEGE,3115,Affilated Non - Autonomous,ANNA UNIVERSITY,CHENNAI,Zone III : Chennai-III,1.0,1615,430
MISRIMAL NAVAJEE MUNOTH JAIN ENGINEERING COLLEGE,3116,Affilated Non - Autonomous,ANNA UNIVERSITY,CHENGALPATTU,Zone III : Chennai-III,1.0,773,232
MOHAMED SATHAK A.J ACADEMY OF ARCHITECTURE,3117,Architecture,ANNA UNIVERSITY,CHENGALPATTU,Zone III : Chennai-III,1.0,269,83
MOHAMMED SATHAK A.J.COLLEGE OF ENGINEERING,3118,Affilated Non - Autonomous,ANNA UNIVERSITY,CHENGALPATTU,Zone III : Chennai-III,1.0,823,235
JEPPIAAR SRR ENGINEERING COLLEGE ,3120,Affilated Non - Autonomous,ANNA UNIVERSITY,CHENGALPATTU,Zone III : Chennai-III,1.0,101,0
SMK FOMRA INSTITUTE OF TECHNOLOGY,3121,Affilated Non - Autonomous,ANNA UNIVERSITY,CHENGALPATTU,Zone III : Chennai-III,1.0,276,75
SRI SIVASUBRAMANIYA NADAR COLLEGE OF ENGINEERING,3122,Affilated Autonomous,ANNA UNIVERSITY,CHENGALPATTU,,,2654,0
ST.JOSEPH'S COLLEGE OF ENGINEERING,3123,Affilated Autonomous,ANNA UNIVERSITY,CHENGALPATTU,,,4944,1398
ST.JOSEPH'S INSTITUTE OF TECHNOLOGY,3124,Affilated Autonomous,ANNA UNIVERSITY,CHENGALPATTU,Zone III : Chennai-III,1.0,1721,0
T.J. INSTITUTE OF TECHNOLOGY,3125,Affilated Non - Autonomous,ANNA UNIVERSITY,CHENGALPATTU,Zone III : Chennai-III,1.0,351,54
THANGAVELU ENGINEERING COLLEGE ,3126,Affilated Non - Autonomous,ANNA UNIVERSITY,CHENGALPATTU,Zone III : Chennai-III,1.0,395,128
Agni College of Technology,3128,Affilated Non - Autonomous,ANNA UNIVERSITY,CHENGALPATTU,Zone III : Chennai-III,1.0,1617,538
ANAND SCHOOL OF ARCHITECTURE,3129,Architecture,ANNA UNIVERSITY,CHENGALPATTU,Zone III : Chennai-III,1.0,27,0
MISRIMAL NAVAJEE MUNOTH JAIN SCHOOL OF ARCHITECTURE,3131,Architecture,ANNA UNIVERSITY,CHENGALPATTU,Zone III : Chennai-III,1.0,54,6
Panimalar engineering college Chennai city campus,3135,Affilated Non - Autonomous,ANNA UNIVERSITY,CHENNAI,Zone I : Chennai-I,1.0,362,362
ADHI COLLEGE OF ENGINEERING AND TECHNOLOGY,4101,Affilated Non - Autonomous,ANNA UNIVERSITY,KANCHEEPURAM,Zone IV : MIT - Chromepet,1.0,1008,286
ARM COLLEGE OF ENGINEERING AND TECHNOLOGY,4103,Affilated Non - Autonomous,ANNA UNIVERSITY,CHENGALPATTU,Zone IV : MIT - Chromepet,1.0,99,30
Dhaanish Ahmed College of Engineering ,4106,Affilated Non - Autonomous,ANNA UNIVERSITY,KANCHEEPURAM,Zone IV : MIT - Chromepet,1.0,895,323
DHANALAKSHMI COLLEGE OF ENGINEERING,4107,Affilated Non - Autonomous,ANNA UNIVERSITY,KANCHEEPURAM,Zone IV : MIT - Chromepet,1.0,1077,292
G.K.M. COLLEGE OF ENGINEERING AND TECHNOLOGY,4108,Affilated Non - Autonomous,ANNA UNIVERSITY,CHENGALPATTU,Zone IV : MIT - Chromepet,1.0,291,33
NEW PRINCE SHRI BHAVANI COLLEGE OF ENGINEERING AND TECHNOLOGY,4114,Affilated Non - Autonomous,ANNA UNIVERSITY,CHENGALPATTU,Zone IV : MIT - Chromepet,1.0,690,212
PERI INSTITUTE OF TECHNOLOGY,4115,Affilated Non - Autonomous,ANNA UNIVERSITY,CHENGALPATTU,Zone IV : MIT - Chromepet,1.0,1071,284
Prince Dr.K.Vasudevan College of Engineering and Technology,4116,Affilated Non - Autonomous,ANNA UNIVERSITY,CHENGALPATTU,Zone IV : MIT - Chromepet,1.0,363,107
PRINCE SHRI VENKATESHWARA PADMAVATHY ENGINEERING COLLEGE,4117,Affilated Non - Autonomous,ANNA UNIVERSITY,KANCHEEPURAM,Zone IV : MIT - Chromepet,1.0,775,185
RRASE COLLEGE OF ENGINEERING,4118,Affilated Non - Autonomous,ANNA UNIVERSITY,KANCHEEPURAM,Zone IV : MIT - Chromepet,1.0,926,191
SHRI ANDAL ALAGAR COLLEGE OF ENGINEERING,4119,Affilated Non - Autonomous,ANNA UNIVERSITY,CHENGALPATTU,Zone V : Tindivanam,2.0,41,0
Sri Krishna Engineering College,4120,Affilated Non - Autonomous,ANNA UNIVERSITY,KANCHEEPURAM,Zone IV : MIT - Chromepet,1.0,79,22
SRI KRISHNA INSTITUTE OF TECHNOLOGY,4121,Affilated Non - Autonomous,ANNA UNIVERSITY,KANCHEEPURAM,Zone IV : MIT - Chromepet,1.0,52,1
SRI RAMANUJAR ENGINEERING COLLEGE,4123,Affilated Non - Autonomous,ANNA UNIVERSITY,CHENGALPATTU,Zone IV : MIT - Chromepet,1.0,673,179
Sri Sai Ram Institute of Technology ,4124,Affilated Autonomous,ANNA UNIVERSITY,CHENGALPATTU,,,2646,947
Sri Sairam Engineering College,4125,Affilated Autonomous,ANNA UNIVERSITY,CHENGALPATTU,,,4943,1467
SRI VENKATESWARAA COLLEGE OF TECHNOLOGY,4126,Affilated Non - Autonomous,ANNA UNIVERSITY,KANCHEEPURAM,Zone IV : MIT - Chromepet,1.0,456,131
Tagore Engineering College ,4127,Affilated Non - Autonomous,ANNA UNIVERSITY,CHENGALPATTU,Zone IV : MIT - Chromepet,1.0,685,237
SRM VALLIAMMAI ENGINEERING COLLEGE,4128,Affilated Autonomous,ANNA UNIVERSITY,CHENGALPATTU,,,2118,0
VI INSTITUTE OF TECHNOLOGY,4129,Affilated Non - Autonomous,ANNA UNIVERSITY,CHENGALPATTU,Zone V : Tindivanam,2.0,88,0
ANNAI VEILANKANNI'S COLLEGE OF ENGINEERING,4130,Affilated Non - Autonomous,ANNA UNIVERSITY,KANCHEEPURAM,Zone IV : MIT - Chromepet,1.0,431,84
A K T MEMORIAL COLLEGE OF ENGINEERING AND TECHNOLOGY,4201,Affilated Non - Autonomous,ANNA UNIVERSITY,KALLAKURICHI,Zone XXI : Villupuram,5.0,1024,296
A.R. ENGINEERING COLLEGE,4203,Affilated Non - Autonomous,ANNA UNIVERSITY,VILUPPURAM,Zone XXI : Villupuram,5.0,257,68
ADHIPARASAKTHI ENGINEERING COLLEGE,4204,Affilated Non - Autonomous,ANNA UNIVERSITY,CHENGALPATTU,Zone V : Tindivanam,2.0,967,256
ANNAI TERESA COLLEGE OF ENGINEERING,4206,Affilated Non - Autonomous,ANNA UNIVERSITY,KALLAKURICHI,Zone XXI : Villupuram,5.0,648,78
C.K. COLLEGE OF ENGINEERING & TECHNOLOGY,4207,Affilated Non - Autonomous,ANNA UNIVERSITY,CUDDALORE,Zone XXI : Villupuram,5.0,1119,317
Chendu College of Engineering and Technology,4208,Affilated Non - Autonomous,ANNA UNIVERSITY,CHENGALPATTU,Zone V : Tindivanam,2.0,144,15
Quannta school of software engineering,4210,Affilated Non - Autonomous,,VILUPPURAM,,,24,24
IFET COLLEGE OF ENGINEERING,4211,Affilated Autonomous,ANNA UNIVERSITY,VILUPPURAM,,,1084,0
KARPAGA VINAYAGA COLLEGE OF ENGINEERING AND TECHNOLOGY,4212,Affilated Non - Autonomous,ANNA UNIVERSITY,CHENGALPATTU,Zone V : Tindivanam,2.0,1090,348
KRISHNASAMY COLLEGE OF ENGINEERING AND TECHNOLOGY,4213,Affilated Non - Autonomous,ANNA UNIVERSITY,CUDDALORE,Zone XXI : Villupuram,5.0,864,247
Mailam engineering college,4216,Affilated Non - Autonomous,ANNA UNIVERSITY,VILUPPURAM,Zone V : Tindivanam,2.0,1902,663
SARASWATHY COLLEGE OF ENGINEERING AND TECHNOLOGY,4218,Affilated Non - Autonomous,ANNA UNIVERSITY,VILUPPURAM,Zone V : Tindivanam,2.0,216,123
SRI RANGAPOOPATHI COLLEGE OF ENGINEERING,4220,Affilated Non - Autonomous,ANNA UNIVERSITY,VILUPPURAM,Zone V : Tindivanam,2.0,439,62
St. Anne's College of Engineering and Technology,4221,Affilated Non - Autonomous,ANNA UNIVERSITY,CUDDALORE,Zone XXI : Villupuram,5.0,508,170
Surya Group of Institutions ,4222,Affilated Non - Autonomous,ANNA UNIVERSITY,VILUPPURAM,Zone XXI : Villupuram,5.0,693,184
THIRUVALLUVAR COLLEGE OF ENGINEERING AND TECHNOLOGY,4223,Affilated Non - Autonomous,ANNA UNIVERSITY,TIRUVANNAMALAI,Zone V : Tindivanam,2.0,490,141
"UNIVERSITY COLLEGE OF ENGINEERING, TINDIVANAM",4224,University Constituent Colleges,ANNA UNIVERSITY,VILUPPURAM,Zone V : Tindivanam,2.0,663,188
"UNIVERSITY COLLEGE OF ENGINEERING, VILLUPURAM",4225,University Constituent Colleges,ANNA UNIVERSITY,VILUPPURAM,Zone XXI : Villupuram,5.0,855,186
UNIVERSITY COLLEGE OF ENGINEERING PANRUTI ,4226,University Constituent Colleges,ANNA UNIVERSITY,CUDDALORE,Zone XXI : Villupuram,5.0,751,187
V.R.S. COLLEGE OF ENGINEERING AND TECHNOLOGY,4227,Affilated Non - Autonomous,ANNA UNIVERSITY,VILUPPURAM,Zone XXI : Villupuram,5.0,820,272
Adhiparasakthi College of Engineering,5101,Affilated Non - Autonomous,ANNA UNIVERSITY,RANIPET,Zone VI : Arni,2.0,493,166
ANNAMALAIAR COLLEGE OF ENGINEERING,5102,Affilated Non - Autonomous,ANNA UNIVERSITY,TIRUVANNAMALAI,Zone VI : Arni,2.0,392,30
ARULMIGU MEENAKSHI AMMAN COLLEGE OF ENGINEERING,5103,Affilated Non - Autonomous,ANNA UNIVERSITY,TIRUVANNAMALAI,Zone VI : Arni,2.0,241,17
Arunai Engineering College,5104,Affilated Non - Autonomous,ANNA UNIVERSITY,TIRUVANNAMALAI,Zone V : Tindivanam,2.0,1784,563
Bharathidasan Engineering College ,5105,Affilated Non - Autonomous,ANNA UNIVERSITY,TIRUPATTUR,Zone VII : Dharmapuri,2.0,621,244
C.  Abdul Hakeem college of engineering and technology,5106,Affilated Non - Autonomous,ANNA UNIVERSITY,RANIPET,Zone VI : Arni,2.0,1010,324
GANADIPATHY TULSI'S JAIN ENGINEERING COLLEGE,5108,Affilated Non - Autonomous,ANNA UNIVERSITY,VELLORE,Zone VI : Arni,2.0,442,170
Global Institute of Engineering and Technology,5109,Affilated Non - Autonomous,ANNA UNIVERSITY,RANIPET,Zone VI : Arni,2.0,903,260
J E I MATHAAJEE COLLEGE OF ENGINEERING,5110,Affilated Non - Autonomous,ANNA UNIVERSITY,KANCHEEPURAM,Zone VI : Arni,2.0,59,6
KINGSTON ENGINEERING COLLEGE,5113,Affilated Non - Autonomous,ANNA UNIVERSITY,VELLORE,Zone VI : Arni,2.0,926,327
OXFORD COLLEGE OF ENGINEERING,5114,Affilated Non - Autonomous,ANNA UNIVERSITY,TIRUVANNAMALAI,Zone VI : Arni,2.0,328,38
P.T. LEE CHENGALVARAYA NAICKER COLLEGE OF ENGINEERING AND TECHNOLOGY,5115,Affilated Non - Autonomous,ANNA UNIVERSITY,KANCHEEPURAM,Zone VI : Arni,2.0,781,270
Pallavan College of Engineering,5117,Affilated Non - Autonomous,ANNA UNIVERSITY,KANCHEEPURAM,Zone VI : Arni,2.0,222,19
PODHIGAI COLLEGE OF ENGINEERING AND TECHNOLOGY,5118,Affilated Non - Autonomous,ANNA UNIVERSITY,TIRUPATTUR,Zone VII : Dharmapuri,2.0,286,115
Priyadarshi Engineering college,5119,Affilated Non - Autonomous,ANNA UNIVERSITY,TIRUPATTUR,Zone VII : Dharmapuri,2.0,677,200
RANIPPETTAI ENGINEERING COLLEGE,5121,Affilated Non - Autonomous,ANNA UNIVERSITY,RANIPET,Zone VI : Arni,2.0,101,5
S.K.P. ENGINEERING COLLEGE,5122,Affilated Non - Autonomous,ANNA UNIVERSITY,TIRUVANNAMALAI,Zone V : Tindivanam,2.0,436,161
SREE KRISHNA COLLEGE OF ENGINEERING,5126,Affilated Non - Autonomous,ANNA UNIVERSITY,VELLORE,Zone VI : Arni,2.0,362,10
SRI BALAJI CHOCKALINGAM ENGINEERING COLLEGE,5127,Affilated Non - Autonomous,ANNA UNIVERSITY,TIRUVANNAMALAI,Zone VI : Arni,2.0,682,174
THANTHAI PERIYAR GOVT INSTITUTE OF TECHNOLOGY,5131,Government College,ANNA UNIVERSITY,VELLORE,Zone VI : Arni,2.0,1596,379
THIRUMALAI ENGINEERING COLLEGE,5132,Affilated Non - Autonomous,ANNA UNIVERSITY,KANCHEEPURAM,Zone VI : Arni,2.0,672,135
University College of Engineering ARNI,5133,University Constituent Colleges,ANNA UNIVERSITY,TIRUVANNAMALAI,Zone VI : Arni,2.0,616,142
University College of Engineering kanchipuram,5134,University Constituent Colleges,ANNA UNIVERSITY,KANCHEEPURAM,Zone II : Chennai-II,1.0,871,189
ANNAI MIRA COLLEGE OF ENGINEERING AND TECHNOLOGY,5135,Affilated Non - Autonomous,ANNA UNIVERSITY,RANIPET,Zone VI : Arni,2.0,577,189
MMES ACADEMY OF ARCHITECTURE,5137,Architecture,ANNA UNIVERSITY,RANIPET,Zone VI : Arni,2.0,38,0
ANNAPOORANA ENGINEERING COLLEGE,6102,Affilated Non - Autonomous,ANNA UNIVERSITY,SALEM,Zone VIII : Salem,2.0,1112,245
Dhirajlal Gandhi College of Technology,6105,Affilated Non - Autonomous,ANNA UNIVERSITY,SALEM,Zone VII : Dharmapuri,2.0,1470,430
GOVERNMENT COLLEGE OF ENGINEERING - BARGUR,6107,Government College,ANNA UNIVERSITY,KRISHNAGIRI,Zone VII : Dharmapuri,2.0,907,222
ER.PERUMAL MANIMEKALAI COLLEGE OF ENGINEERING,6108,Affilated Non - Autonomous,ANNA UNIVERSITY,KRISHNAGIRI,Zone VII : Dharmapuri,2.0,1754,662
JAYALAKSHMI INSTITUTE OF TECHNOLOGY,6109,Affilated Non - Autonomous,ANNA UNIVERSITY,DHARMAPURI,Zone VII : Dharmapuri,2.0,1486,229
JAYAM COLLEGE OF ENGINEERING AND TECHNOLOGY,6110,Affilated Non - Autonomous,ANNA UNIVERSITY,DHARMAPURI,Zone VII : Dharmapuri,2.0,1000,125
KNOWLEDGE INSTITUTE OF TECHNOLOGY,6112,Affilated Non - Autonomous,ANNA UNIVERSITY,SALEM,Zone VIII : Salem,2.0,2341,602
MAHENDRA ENGINEERING COLLEGE,6113,Affilated Autonomous,ANNA UNIVERSITY,NAMAKKAL,Zone XVIII : Trichy,5.0,2865,0
MAHENDRA ENGINEERING COLLEGE FOR WOMEN,6114,Affilated Non - Autonomous,ANNA UNIVERSITY,NAMAKKAL,Zone VIII : Salem,2.0,736,243
Mahindra Institute of Engineering & Technology,6115,Affilated Non - Autonomous,ANNA UNIVERSITY,NAMAKKAL,Zone VIII : Salem,2.0,448,106
MAHENDRA INSTITUTE OF TECHNOLOGY,6116,Affilated Autonomous,ANNA UNIVERSITY,NAMAKKAL,,,927,0
NARASU'S SARATHY INSTITUTE OF TECHNOLOGY,6117,Affilated Non - Autonomous,ANNA UNIVERSITY,SALEM,Zone VII : Dharmapuri,2.0,898,331
P.S.V.COLLEGE OF ENGINEERING AND TECHNOLOGY,6118,Affilated Non - Autonomous,ANNA UNIVERSITY,KRISHNAGIRI,Zone VII : Dharmapuri,2.0,1076,335
SAPTHAGIRI COLLEGE OF ENGINEERING,6120,Affilated Non - Autonomous,ANNA UNIVERSITY,DHARMAPURI,Zone VII : Dharmapuri,2.0,146,0
"Sengunthar College of Engineering, Tiruchengode ",6122,Affilated Non - Autonomous,ANNA UNIVERSITY,NAMAKKAL,Zone XI : Erode,3.0,511,0
SENGUNTHAR ENGINEERING COLLEGE,6123,Affilated Autonomous,ANNA UNIVERSITY,NAMAKKAL,,,1142,343
Shree Sathyam College of Engineering and Technology ,6124,Affilated Non - Autonomous,ANNA UNIVERSITY,SALEM,Zone VIII : Salem,2.0,325,157
THE KAVERY COLLEGE OF ENGINEERING,6126,Affilated Non - Autonomous,ANNA UNIVERSITY,SALEM,Zone VII : Dharmapuri,2.0,145,0
THE KAVERY ENGINEERING COLLEGE,6127,Affilated Non - Autonomous,ANNA UNIVERSITY,SALEM,Zone VII : Dharmapuri,2.0,1703,707
VARUVAN VADIVELAN INSTITUTE OF TECHNOLOGY,6128,Affilated Non - Autonomous,ANNA UNIVERSITY,DHARMAPURI,Zone VII : Dharmapuri,2.0,879,174
Vivekanandha College of Engineering for Women,6129,Affilated Autonomous,ANNA UNIVERSITY,NAMAKKAL,,,2065,0
VIVEKANANDHA COLLEGE OF TECHNOLOGY FOR WOMEN,6130,Affilated Non - Autonomous,ANNA UNIVERSITY,NAMAKKAL,Zone XI : Erode,3.0,1074,310
"Government College of Engineering, Dharmapuri",6135,Government College,ANNA UNIVERSITY,DHARMAPURI,Zone VII : Dharmapuri,2.0,1038,259
"Adhiyamaan College of Engineering (Autonomous), Hosur",6176,Affilated Autonomous,ANNA UNIVERSITY,KRISHNAGIRI,Zone I : Chennai-I,1.0,2258,0
GOVERNMENT COLLEGE OF ENGINEERING - SALEM,6177,Government College,ANNA UNIVERSITY,SALEM,Zone VIII : Salem,2.0,1908,447
SONA COLLEGE OF TECHNOLOGY,6178,Affilated Autonomous,ANNA UNIVERSITY,SALEM,,,3933,294
AVS Engineering College,6201,Affilated Non - Autonomous,ANNA UNIVERSITY,SALEM,Zone VIII : Salem,2.0,1791,567
Annai mathammal sheela Engineering college ,6202,Affilated Non - Autonomous,ANNA UNIVERSITY,NAMAKKAL,Zone VIII : Salem,2.0,713,171
Bharathiyar Institute of engineering for women,6203,Affilated Non - Autonomous,ANNA UNIVERSITY,SALEM,Zone VIII : Salem,2.0,760,277
CMS COLLEGE OF ENGINEERING ,6205,Affilated Non - Autonomous,ANNA UNIVERSITY,NAMAKKAL,Zone VIII : Salem,2.0,324,218
Ganesh College of Engineering,6206,Affilated Non - Autonomous,ANNA UNIVERSITY,SALEM,Zone VIII : Salem,2.0,757,311
GNANAMANI COLLEGE OF ENGINEERING,6207,Affilated Non - Autonomous,ANNA UNIVERSITY,NAMAKKAL,Zone VIII : Salem,2.0,0,0
GNANAMANI COLLEGE OF TECHNOLOGY,6208,Affilated Non - Autonomous,ANNA UNIVERSITY,NAMAKKAL,Zone VIII : Salem,2.0,3069,1250
Idhaya Engineering College for Women,6211,Affilated Non - Autonomous,ANNA UNIVERSITY,KALLAKURICHI,Zone XXI : Villupuram,5.0,335,145
Kongunadu College of Engineering and Technology ,6213,Affilated Autonomous,ANNA UNIVERSITY,TIRUCHIRAPPALLI,,,2584,732
MAHA BARATHI ENGINEERING COLLEGE,6214,Affilated Non - Autonomous,ANNA UNIVERSITY,KALLAKURICHI,Zone XXI : Villupuram,5.0,789,228
MAHENDRA COLLEGE OF ENGINEERING,6215,Affilated Non - Autonomous,ANNA UNIVERSITY,SALEM,Zone VIII : Salem,2.0,1346,533
MUTHAYAMMAL ENGINEERING COLLEGE,6216,Affilated Autonomous,ANNA UNIVERSITY,NAMAKKAL,,,3646,913
Muthayammal College of Engineering,6217,Affilated Non - Autonomous,ANNA UNIVERSITY,NAMAKKAL,Zone VIII : Salem,2.0,826,217
PGP COLLEGE OF ENGINEERING AND TECHNOLOGY ,6218,Affilated Non - Autonomous,ANNA UNIVERSITY,NAMAKKAL,Zone VIII : Salem,2.0,359,166
PAAVAI COLLEGE OF ENGINEERING,6220,Affilated Non - Autonomous,ANNA UNIVERSITY,NAMAKKAL,Zone VIII : Salem,2.0,1012,363
PAAVAI ENGINEERING COLLEGE,6221,Affilated Autonomous,ANNA UNIVERSITY,NAMAKKAL,,,3974,1303
PAVAI COLLEGE OF TECHNOLOGY,6222,Affilated Non - Autonomous,ANNA UNIVERSITY,NAMAKKAL,Zone VIII : Salem,2.0,349,0
SALEM COLLEGE OF ENGINEERING AND TECHNOLOGY,6224,Affilated Non - Autonomous,ANNA UNIVERSITY,SALEM,Zone VIII : Salem,2.0,1226,351
SELVAM COLLEGE OF TECHNOLOGY,6225,Affilated Non - Autonomous,ANNA UNIVERSITY,NAMAKKAL,Zone VIII : Salem,2.0,1074,403
SHREENIVASA ENGINEERING COLLEGE,6226,Affilated Non - Autonomous,ANNA UNIVERSITY,DHARMAPURI,Zone VII : Dharmapuri,2.0,674,207
SRG ENGINEERING COLLEGE ,6227,Affilated Non - Autonomous,ANNA UNIVERSITY,NAMAKKAL,Zone VIII : Salem,2.0,464,70
T.S.M. JAIN COLLEGE OF TECHNOLOGY,6229,Affilated Non - Autonomous,ANNA UNIVERSITY,KALLAKURICHI,Zone XXI : Villupuram,5.0,550,9
Tagore Institute of Engineering and Technology ,6230,Affilated Non - Autonomous,ANNA UNIVERSITY,SALEM,Zone VIII : Salem,2.0,809,289
VSA GROUP OF INSTITUTIONS,6231,Affilated Non - Autonomous,ANNA UNIVERSITY,SALEM,Zone VIII : Salem,2.0,453,98
VETRI VINAYAHA COLLEGE OF ENGINEERING AND TECHNOLOGY,6233,Affilated Non - Autonomous,ANNA UNIVERSITY,TIRUCHIRAPPALLI,Zone VIII : Salem,2.0,251,114
AVS COLLEGE OF TECHNOLOGY,6235,Affilated Non - Autonomous,ANNA UNIVERSITY,SALEM,Zone VIII : Salem,2.0,1033,355
INDIAN INSTITUTE OF HANDLOOM TECHNOLOGY,6236,Affilated Non - Autonomous,ANNA UNIVERSITY,SALEM,Zone VIII : Salem,2.0,178,24
"Anna University, Regional Campus Coimbatore",7100,University Regional Campus,ANNA UNIVERSITY,COIMBATORE,Zone IX : Coimbatore - I,3.0,927,245
ADITHYA INSTITUTE OF TECHNOLOGY,7101,Affilated Non - Autonomous,ANNA UNIVERSITY,COIMBATORE,Zone IX : Coimbatore - I,3.0,718,246
ANGEL COLLEGE OF ENGINEERING AND TECHNOLOGY,7103,Affilated Non - Autonomous,ANNA UNIVERSITY,TIRUPPUR,Zone IX : Coimbatore - I,3.0,564,104
CHRIST THE KING ENGINEERING COLLEGE,7104,Affilated Non - Autonomous,ANNA UNIVERSITY,COIMBATORE,Zone IX : Coimbatore - I,3.0,754,241
COIMBATORE INSTITUTE OF ENGINEERING AND TECHNOLOGY,7105,Affilated Autonomous,ANNA UNIVERSITY,COIMBATORE,,,988,323
CSI COLLEGE OF ENGINEERING,7106,Affilated Non - Autonomous,ANNA UNIVERSITY,THE NILGIRIS,Zone IX : Coimbatore - I,3.0,542,167
"Dr.N.G.P Institute of Technology,  Coimbatore ",7107,Affilated Non - Autonomous,ANNA UNIVERSITY,COIMBATORE,Zone IX : Coimbatore - I,3.0,1572,0
INFO INSTITUTE OF ENGINEERING,7110,Affilated Non - Autonomous,ANNA UNIVERSITY,COIMBATORE,Zone IX : Coimbatore - I,3.0,331,141
Jansons Institute of Technology,7111,Affilated Non - Autonomous,ANNA UNIVERSITY,COIMBATORE,Zone IX : Coimbatore - I,3.0,1008,266
JAI SHRIRAM ENGINEERING COLLEGE,7112,Affilated Non - Autonomous,ANNA UNIVERSITY,TIRUPPUR,Zone IX : Coimbatore - I,3.0,881,300
K P R INSTITUTE OF ENGINEERING AND TECHNOLOGY,7113,Affilated Autonomous,ANNA UNIVERSITY,COIMBATORE,,,2664,0
KALAIGNAR KARUNANIDHI INSTITUTE OF TECHNOLOGY,7115,Affilated Autonomous,ANNA UNIVERSITY,COIMBATORE,,,2554,660
KATHIR COLLEGE OF ENGINEERING,7116,Affilated Non - Autonomous,ANNA UNIVERSITY,COIMBATORE,Zone IX : Coimbatore - I,3.0,752,222
KGISL INSTITUTE OF TECHNOLOGY,7117,Affilated Non - Autonomous,ANNA UNIVERSITY,COIMBATORE,Zone IX : Coimbatore - I,3.0,1781,546
MCGAN'S OOTY SCHOOL OF ARCHITECTURE,7121,Architecture,ANNA UNIVERSITY,THE NILGIRIS,Zone IX : Coimbatore - I,3.0,143,23
PARK COLLEGE OF ENGINEERING AND TECHNOLOGY,7122,Affilated Non - Autonomous,ANNA UNIVERSITY,COIMBATORE,Zone IX : Coimbatore - I,3.0,848,173
PARK COLLEGE OF TECHNOLOGY,7123,Affilated Non - Autonomous,ANNA UNIVERSITY,COIMBATORE,Zone IX : Coimbatore - I,3.0,77,28
PPG INSTITUTE OF TECHNOLOGY ,7125,Affilated Non - Autonomous,ANNA UNIVERSITY,COIMBATORE,Zone IX : Coimbatore - I,3.0,689,236
R V S COLLEGE OF ENGINEERING AND TECHNOLOGY,7128,Affilated Non - Autonomous,ANNA UNIVERSITY,COIMBATORE,Zone IX : Coimbatore - I,3.0,945,272
RVS TECHNICAL CAMPUS-COIMBATORE,7129,Affilated Non - Autonomous,ANNA UNIVERSITY,COIMBATORE,Zone IX : Coimbatore - I,3.0,946,242
RANGANATHAN ARCHITECTURE COLLEGE,7130,Architecture,ANNA UNIVERSITY,COIMBATORE,Zone IX : Coimbatore - I,3.0,69,0
SRI SAI RANGANATHAN ENGINEERING COLLEGE,7131,Affilated Non - Autonomous,ANNA UNIVERSITY,COIMBATORE,Zone IX : Coimbatore - I,3.0,439,109
S N S COLLEGE OF ENGINEERING,7133,Affilated Autonomous,ANNA UNIVERSITY,COIMBATORE,,,1320,0
SNS COLLEGE OF TECHNOLOGY,7135,Affilated Autonomous,ANNA UNIVERSITY,COIMBATORE,,,3729,863
SREE SAKTHI ENGINEERING COLLEGE,7136,Affilated Non - Autonomous,ANNA UNIVERSITY,COIMBATORE,Zone IX : Coimbatore - I,3.0,739,190
SRI RAMAKRISHNA INSTITUTE OF TECHNOLOGY,7138,Affilated Autonomous,ANNA UNIVERSITY,COIMBATORE,,,1098,1
SRI RANGANATHAR INSTITUTE OF ENGINEERING & TECHNOLOGY,7139,Affilated Non - Autonomous,ANNA UNIVERSITY,COIMBATORE,Zone IX : Coimbatore - I,3.0,788,178
SRI SHAKTHI INSTITUTE OF ENGINEERING AND TECHNOLOGY,7140,Affilated Autonomous,ANNA UNIVERSITY,COIMBATORE,,,2081,0
Tamilnadu College of Engineering ,7142,Affilated Non - Autonomous,ANNA UNIVERSITY,COIMBATORE,Zone IX : Coimbatore - I,3.0,573,186
TAMILNADU SCHOOL OF ARCHITECTURE,7143,Architecture,ANNA UNIVERSITY,COIMBATORE,Zone IX : Coimbatore - I,3.0,45,4
UNITED INSTITUTE OF TECHNOLOGY,7145,Affilated Non - Autonomous,ANNA UNIVERSITY,COIMBATORE,Zone IX : Coimbatore - I,3.0,585,269
Rvs School of Architecture,7147,Architecture,ANNA UNIVERSITY,COIMBATORE,Zone IX : Coimbatore - I,3.0,8,3
"SCHOOL OF ARCHITECTURE,C.I.E.T",7149,Architecture,ANNA UNIVERSITY,COIMBATORE,Zone IX : Coimbatore - I,3.0,50,7
SUGUNA COLLEGE OF ENGINEERING,7150,Affilated Non - Autonomous,ANNA UNIVERSITY,COIMBATORE,Zone IX : Coimbatore - I,3.0,597,237
Asian College of Engineering and Technology ,7153,Affilated Non - Autonomous,ANNA UNIVERSITY,COIMBATORE,Zone IX : Coimbatore - I,3.0,916,254
PSG Institute of Technology and Applied Research ,7155,Affilated Non - Autonomous,ANNA UNIVERSITY,COIMBATORE,Zone IX : Coimbatore - I,3.0,1424,446
TIPS SCHOOL OF ARCHITECTURE,7157,Architecture,ANNA UNIVERSITY,COIMBATORE,Zone IX : Coimbatore - I,3.0,57,9
COIMBATORE INSTITUTE OF TECHNOLOGY,7176,Govt. Aided,ANNA UNIVERSITY,COIMBATORE,Zone X : Coimbatore - II,3.0,2211,0
"GOVERNMENT COLLEGE OF TECHNOLOGY, COIMBATORE",7177,Government College,ANNA UNIVERSITY,COIMBATORE,Zone IX : Coimbatore - I,3.0,2886,670
KARPAGAM COLLEGE OF ENGINEERING,7178,Affilated Autonomous,ANNA UNIVERSITY,COIMBATORE,,,2921,0
KUMARAGURU COLLEGE OF TECHNOLOGY,7179,Affilated Autonomous,ANNA UNIVERSITY,COIMBATORE,,,3807,0
P.S.G. COLLEGE OF TECHNOLOGY,7180,Govt. Aided,ANNA UNIVERSITY,COIMBATORE,Zone X : Coimbatore - II,3.0,4390,0
SRI RAMAKRISHNA ENGINEERING COLLEGE,7181,Affilated Autonomous,ANNA UNIVERSITY,COIMBATORE,,,3101,0
Akshaya college of engineering and technology,7203,Affilated Non - Autonomous,ANNA UNIVERSITY,COIMBATORE,Zone X : Coimbatore - II,3.0,702,239
CMS College of Engineeering and Technology,7204,Affilated Non - Autonomous,ANNA UNIVERSITY,COIMBATORE,Zone X : Coimbatore - II,3.0,569,177
EASA College of Engg and Technology,7205,Affilated Non - Autonomous,ANNA UNIVERSITY,COIMBATORE,Zone X : Coimbatore - II,3.0,742,332
HINDUSTHAN COLLEGE OF ENGINEERING AND TECHNOLOGY,7207,Affilated Autonomous,ANNA UNIVERSITY,COIMBATORE,,,5052,1201
Hindusthan Institute of Technology,7208,Affilated Autonomous,ANNA UNIVERSITY,COIMBATORE,,,1520,2
JCT College of Engineering and Technology,7209,Affilated Non - Autonomous,ANNA UNIVERSITY,COIMBATORE,Zone X : Coimbatore - II,3.0,1554,458
Nehru Institute of Technology,7210,Affilated Non - Autonomous,ANNA UNIVERSITY,COIMBATORE,Zone X : Coimbatore - II,3.0,743,255
"STUDY WORLD COLLEGE OF ENGINEERING, COIMBATORE",7211,Affilated Non - Autonomous,ANNA UNIVERSITY,COIMBATORE,Zone X : Coimbatore - II,3.0,457,112
KARPAGAM INSTITUTE OF TECHNOLOGY,7212,Affilated Non - Autonomous,ANNA UNIVERSITY,COIMBATORE,Zone X : Coimbatore - II,3.0,1472,429
NEHRU INSTITUTE OF ENGINEERING AND TECHNOLOGY,7214,Affilated Non - Autonomous,ANNA UNIVERSITY,COIMBATORE,Zone X : Coimbatore - II,3.0,1866,630
P A COLLEGE OF ENGINEERING AND TECHNOLOGY,7217,Affilated Autonomous,ANNA UNIVERSITY,COIMBATORE,,,762,0
RATHINAM TECHNICAL CAMPUS,7218,Affilated Non - Autonomous,ANNA UNIVERSITY,COIMBATORE,Zone X : Coimbatore - II,3.0,844,0
DHANALAKSHMI SRINIVASAN COLLEGE OF ENGINEERING,7219,Affilated Non - Autonomous,ANNA UNIVERSITY,COIMBATORE,Zone X : Coimbatore - II,3.0,2365,774
SVS School of Architecture,7221,Architecture,ANNA UNIVERSITY,COIMBATORE,Zone X : Coimbatore - II,3.0,49,0
SRI ESHWAR COLLEGE OF ENGINEERING,7228,Affilated Autonomous,ANNA UNIVERSITY,COIMBATORE,,,1878,0
"Pollachi institute of engineering and technology, pollachi",7236,Affilated Non - Autonomous,ANNA UNIVERSITY,COIMBATORE,Zone X : Coimbatore - II,3.0,464,83
V.S.B. COLLEGE OF ENGINEERING TECHNICAL CAMPUS,7237,Affilated Non - Autonomous,ANNA UNIVERSITY,COIMBATORE,Zone X : Coimbatore - II,3.0,1298,475
SASI CREATIVE SCHOOL OF ARCHITECTURE,7238,Architecture,ANNA UNIVERSITY,COIMBATORE,Zone X : Coimbatore - II,3.0,168,47
"Arjun College of Technology , Coimbatore ",7239,Affilated Non - Autonomous,ANNA UNIVERSITY,COIMBATORE,Zone X : Coimbatore - II,3.0,563,112
"DHAANISH AHMED INSTITUTE OF TECHNOLOGY,COIMBATORE",7240,Affilated Non - Autonomous,ANNA UNIVERSITY,COIMBATORE,Zone X : Coimbatore - II,3.0,632,209
HINDUSTHAN SCHOOL OF ARCHITECTURE,7243,Architecture,ANNA UNIVERSITY,COIMBATORE,Zone X : Coimbatore - II,3.0,146,40
Nehru School of Architecture,7244,Architecture,ANNA UNIVERSITY,COIMBATORE,Zone X : Coimbatore - II,3.0,50,9
San Academy of Architecture,7245,Architecture,ANNA UNIVERSITY,COIMBATORE,Zone X : Coimbatore - II,3.0,79,0
Rathinam School of Architecture,7246,Architecture,ANNA UNIVERSITY,COIMBATORE,Zone X : Coimbatore - II,3.0,75,0
Dr.Mahalingam College of Engineering and Technology,7276,Affilated Autonomous,ANNA UNIVERSITY,COIMBATORE,,,2478,0
Sri Krishna college of Engineering and Technology ,7277,Affilated Autonomous,ANNA UNIVERSITY,COIMBATORE,,,6824,0
SRI KRISHNA COLLEGE OF TECHNOLOGY,7278,Affilated Autonomous,ANNA UNIVERSITY,COIMBATORE,,,2423,0
AISHWARYA COLLEGE OF ENGINEERING AND TECHNOLOGY,7301,Affilated Non - Autonomous,ANNA UNIVERSITY,ERODE,Zone XI : Erode,3.0,138,7
Al ameen Engineering College (Autonomous),7302,Affilated Autonomous,ANNA UNIVERSITY,ERODE,,,778,159
Builders Engineering College,7303,Affilated Non - Autonomous,ANNA UNIVERSITY,TIRUPPUR,Zone XI : Erode,3.0,954,295
ERODE SENGUNTHAR ENGINEERING COLLEGE,7304,Affilated Autonomous,ANNA UNIVERSITY,ERODE,,,4214,1023
EXCEL COLLEGE OF ARCHITECTURE AND PLANNING,7306,Architecture,ANNA UNIVERSITY,NAMAKKAL,Zone XI : Erode,3.0,88,0
Excel college of Engineering and Technology ,7307,Affilated Non - Autonomous,ANNA UNIVERSITY,NAMAKKAL,Zone XI : Erode,3.0,165,0
EXCEL ENGINEERING COLLEGE,7309,Affilated Autonomous,ANNA UNIVERSITY,NAMAKKAL,,,3413,1085
Government College of Engineering  Erode,7311,Government College,ANNA UNIVERSITY,ERODE,Zone XI : Erode,3.0,1453,378
JKK MUNIRAJAH COLLEGE OF TECHNOLOGY ,7312,Affilated Non - Autonomous,ANNA UNIVERSITY,ERODE,Zone XI : Erode,3.0,464,175
J. K. K. NATARAJA COLLEGE OF ENGINEERING AND TECHNOLOGY ,7313,Affilated Non - Autonomous,ANNA UNIVERSITY,NAMAKKAL,Zone XI : Erode,3.0,514,137
K.S.R. COLLEGE OF ENGINEERING,7315,Affilated Autonomous,ANNA UNIVERSITY,NAMAKKAL,,,2102,420
K S R INSTITUTE FOR ENGINEERING AND TECHNOLOGY,7316,Affilated Non - Autonomous,ANNA UNIVERSITY,NAMAKKAL,Zone XI : Erode,3.0,1341,435
M.P. NACHIMUTHU M. JAGANATHAN ENGINEERING COLLEGE,7317,Affilated Non - Autonomous,ANNA UNIVERSITY,ERODE,Zone XI : Erode,3.0,536,197
Nandha College of Technology,7321,Affilated Non - Autonomous,ANNA UNIVERSITY,ERODE,Zone XI : Erode,3.0,906,276
NANDHA ENGINEERING COLLEGE,7322,Affilated Autonomous,ANNA UNIVERSITY,ERODE,,,2845,744
S.S.M. COLLEGE OF ENGINEERING,7323,Affilated Non - Autonomous,ANNA UNIVERSITY,NAMAKKAL,Zone XI : Erode,3.0,1148,184
SASURIE COLLEGE OF ENGINEERING ,7324,Affilated Non - Autonomous,ANNA UNIVERSITY,TIRUPPUR,Zone XI : Erode,3.0,173,80
SHREE VENKATESHWARA HI-TECH ENGINEERING COLLEGE,7325,Affilated Non - Autonomous,ANNA UNIVERSITY,ERODE,Zone XI : Erode,3.0,997,264
Sri shanmugha college of engineering and technology,7327,Affilated Non - Autonomous,ANNA UNIVERSITY,SALEM,Zone XI : Erode,3.0,973,362
Surya Engineering College ,7328,Affilated Non - Autonomous,ANNA UNIVERSITY,ERODE,Zone XI : Erode,3.0,775,76
VELALAR COLLEGE OF ENGINEERING AND TECHNOLOGY,7329,Affilated Autonomous,ANNA UNIVERSITY,ERODE,,,2168,2
VIDYAA VIKAS COLLEGE OF ENGINEERING AND TECHNOLOGY,7331,Affilated Non - Autonomous,ANNA UNIVERSITY,NAMAKKAL,Zone XI : Erode,3.0,453,108
JAIRUPAA COLLEGE OF ENGINEERING,7333,Affilated Non - Autonomous,ANNA UNIVERSITY,TIRUPPUR,Zone XI : Erode,3.0,120,4
KONGU SCHOOL OF ARCHITECTURE,7334,Architecture,ANNA UNIVERSITY,ERODE,Zone XI : Erode,3.0,85,25
BANNARI AMMAN INSTITUTE OF TECHNOLOGY,7376,Affilated Autonomous,ANNA UNIVERSITY,ERODE,,,5320,0
K.S.RANGASAMY COLLEGE OF TECHNOLOGY,7377,Affilated Autonomous,ANNA UNIVERSITY,NAMAKKAL,,,2487,0
KONGU ENGINEERING COLLEGE,7378,Affilated Autonomous,ANNA UNIVERSITY,ERODE,Zone XI : Erode,3.0,4943,120
"University College of Engineering, BIT Campus, Trichy",8100,University Constituent Colleges,ANNA UNIVERSITY,TIRUCHIRAPPALLI,Zone XVIII : Trichy,5.0,3610,801
C.A.R.E. SCHOOL OF ARCHITECTURE,8101,Architecture,ANNA UNIVERSITY,TIRUCHIRAPPALLI,Zone XVIII : Trichy,5.0,196,0
Dhanalakshmi Srinivasan Engineering College ,8104,Affilated Autonomous,ANNA UNIVERSITY,PERAMBALUR,,,6880,1192
DR.NAVALAR NEDUNCHEZHIYAN COLLEGE OF ENGINEERING,8106,Affilated Non - Autonomous,ANNA UNIVERSITY,CUDDALORE,Zone XII : Ariyalur,3.0,315,59
CARE College of Engineering,8107,Affilated Non - Autonomous,ANNA UNIVERSITY,TIRUCHIRAPPALLI,Zone XVIII : Trichy,5.0,615,267
IMAYAM COLLEGE OF ENGINEERING,8110,Affilated Non - Autonomous,ANNA UNIVERSITY,TIRUCHIRAPPALLI,Zone XVIII : Trichy,5.0,279,99
INDRA GANESAN COLLEGE OF ENGINEERING,8112,Affilated Non - Autonomous,ANNA UNIVERSITY,TIRUCHIRAPPALLI,Zone XVIII : Trichy,5.0,627,249
J.J.College Of Engineering and Technology,8113,Affilated Non - Autonomous,ANNA UNIVERSITY,TIRUCHIRAPPALLI,Zone XVIII : Trichy,5.0,1068,496
JAYARAM COLLEGE OF ENGINEERING AND TECHNOLOGY,8114,Affilated Non - Autonomous,ANNA UNIVERSITY,TIRUCHIRAPPALLI,Zone XVIII : Trichy,5.0,315,9
K. RAMAKRISHNAN COLLEGE OF ENGINEERING,8115,Affilated Autonomous,ANNA UNIVERSITY,TIRUCHIRAPPALLI,,,1787,0
K.Ramakrishnan College of Technology,8117,Affilated Autonomous,ANNA UNIVERSITY,TIRUCHIRAPPALLI,,,2027,582
KURINJI COLLEGE OF ENGINEERING AND TECHNOLOGY,8118,Affilated Non - Autonomous,ANNA UNIVERSITY,TIRUCHIRAPPALLI,Zone XVIII : Trichy,5.0,134,11
M.A.M. COLLEGE OF ENGINEERING AND TECHNOLOGY,8120,Affilated Non - Autonomous,ANNA UNIVERSITY,TIRUCHIRAPPALLI,Zone XII : Ariyalur,3.0,1020,358
M.A.M. SCHOOL OF ENGINEERING,8121,Affilated Non - Autonomous,ANNA UNIVERSITY,TIRUCHIRAPPALLI,Zone XII : Ariyalur,3.0,872,284
M.I.E.T. ENGINEERING COLLEGE,8124,Affilated Non - Autonomous,ANNA UNIVERSITY,TIRUCHIRAPPALLI,Zone XVIII : Trichy,5.0,1357,355
MAHALAKSHMI ENGINEERING COLLEGE,8125,Affilated Non - Autonomous,ANNA UNIVERSITY,TIRUCHIRAPPALLI,Zone XVIII : Trichy,5.0,249,29
M.A.M College of Engineering,8126,Affilated Non - Autonomous,ANNA UNIVERSITY,TIRUCHIRAPPALLI,Zone XII : Ariyalur,3.0,1380,513
MEENAKSHI RAMASWAMY ENGINEERING COLLEGE,8127,Affilated Non - Autonomous,ANNA UNIVERSITY,ARIYALUR,Zone XII : Ariyalur,3.0,852,146
MOOKAMBIGAI COLLEGE OF ENGINEERING,8128,Affilated Non - Autonomous,ANNA UNIVERSITY,PUDUKKOTTAI,Zone XVIII : Trichy,5.0,990,262
"OASYS Institute of Technology, Trichy",8129,Affilated Non - Autonomous,ANNA UNIVERSITY,TIRUCHIRAPPALLI,Zone XVIII : Trichy,5.0,378,107
OXFORD ENGINEERING COLLEGE,8130,Affilated Non - Autonomous,ANNA UNIVERSITY,TIRUCHIRAPPALLI,Zone XVIII : Trichy,5.0,873,119
Pavendar Bharathidasan College of Engineering and Technology,8131,Affilated Non - Autonomous,ANNA UNIVERSITY,TIRUCHIRAPPALLI,Zone XVIII : Trichy,5.0,516,209
ROEVER ENGINEERING COLLEGE,8135,Affilated Non - Autonomous,ANNA UNIVERSITY,PERAMBALUR,Zone XII : Ariyalur,3.0,1076,348
SARANATHAN COLLEGE OF ENGINEERING,8138,Affilated Non - Autonomous,ANNA UNIVERSITY,TIRUCHIRAPPALLI,Zone XVIII : Trichy,5.0,2389,684
SHIVANI ENGINEERING COLLEGE,8139,Affilated Non - Autonomous,ANNA UNIVERSITY,TIRUCHIRAPPALLI,Zone XVIII : Trichy,5.0,276,190
SHRI ANGALA AMMAN COLLEGE OF ENGINEERING AND TECHNOLOGY,8142,Affilated Non - Autonomous,ANNA UNIVERSITY,TIRUCHIRAPPALLI,Zone XII : Ariyalur,3.0,51,0
"Sudharsan Engineering College,Pudukkottai",8144,Affilated Non - Autonomous,ANNA UNIVERSITY,PUDUKKOTTAI,Zone XVIII : Trichy,5.0,358,97
TRICHY ENGINEERING COLLEGE,8146,Affilated Non - Autonomous,ANNA UNIVERSITY,TIRUCHIRAPPALLI,Zone XII : Ariyalur,3.0,474,79
SRM TRP ENGINEERING COLLEGE,8147,Affilated Non - Autonomous,ANNA UNIVERSITY,TIRUCHIRAPPALLI,Zone XII : Ariyalur,3.0,1462,538
"UNIVERSITY COLLEGE OF ENGINEERING, ARIYALUR",8148,University Constituent Colleges,ANNA UNIVERSITY,ARIYALUR,Zone XII : Ariyalur,3.0,440,133
DHANALAKSHMI SRINIVASAN INSTITUTE OF RESEARCH AND TECHNOLOGY,8150,Affilated Non - Autonomous,ANNA UNIVERSITY,PERAMBALUR,Zone XII : Ariyalur,3.0,519,0
DHANALAKSHMI SRINIVASAN INSTITUTE OF TECHNOLOGY,8151,Affilated Non - Autonomous,ANNA UNIVERSITY,TIRUCHIRAPPALLI,Zone XII : Ariyalur,3.0,444,0
SRI RAMAKRISHNA COLLEGE OF ENGINEERING,8154,Affilated Non - Autonomous,ANNA UNIVERSITY,PERAMBALUR,Zone XII : Ariyalur,3.0,541,208
SURYA COLLEGE OF ENGINEERING,8155,Affilated Non - Autonomous,ANNA UNIVERSITY,TIRUCHIRAPPALLI,Zone XII : Ariyalur,3.0,203,31
ARIYALUR ENGINEERING COLLEGE ,8156,Affilated Non - Autonomous,ANNA UNIVERSITY,ARIYALUR,Zone XII : Ariyalur,3.0,742,95
NELLIANDAVAR INSTITUTE OF TECHNOLOGY,8158,Affilated Non - Autonomous,ANNA UNIVERSITY,ARIYALUR,Zone XII : Ariyalur,3.0,699,119
PRIME NEST COLLEGE  OF ARCHITECTURE AND PLANNING,8159,Architecture,ANNA UNIVERSITY,TIRUCHIRAPPALLI,Zone XII : Ariyalur,3.0,33,0
A.R.J. COLLEGE OF ENGINEERING AND TECHNOLOGY,8201,Affilated Non - Autonomous,ANNA UNIVERSITY,TIRUVARUR,Zone XIII : Pattukkottai,4.0,459,157
A.V.C COLLEGE OF ENGINEERING,8203,Affilated Non - Autonomous,ANNA UNIVERSITY,MAYILADUTHURAI,Zone XIII : Pattukkottai,4.0,1049,248
ANJALAI AMMAL MAHALINGAM ENGINEERING COLLEGE,8204,Affilated Non - Autonomous,ANNA UNIVERSITY,TIRUVARUR,Zone XIII : Pattukkottai,4.0,1457,357
ANNAI COLLEGE OF ENGINEERING AND TECHNOLOGY,8205,Affilated Non - Autonomous,ANNA UNIVERSITY,THANJAVUR,Zone XIII : Pattukkottai,4.0,1401,186
ARASU ENGINEERING COLLEGE,8206,Affilated Non - Autonomous,ANNA UNIVERSITY,THANJAVUR,Zone XIII : Pattukkottai,4.0,1133,275
AS-SALAM COLLEGE OF ENGINEERING & TECHNOLOGY,8207,Affilated Non - Autonomous,ANNA UNIVERSITY,THANJAVUR,Zone XIII : Pattukkottai,4.0,363,77
E.G.S.PILLAY ENGINEERING COLLEGE,8208,Affilated Autonomous,ANNA UNIVERSITY,NAGAPATTINAM,Zone XVII : Nagercoil,5.0,2050,7
K.S.K COLLEGE OF ENGINEERING AND TECHNOLOGY ,8210,Affilated Non - Autonomous,ANNA UNIVERSITY,THANJAVUR,Zone XIII : Pattukkottai,4.0,867,171
Kings College of Engineering,8211,Affilated Non - Autonomous,ANNA UNIVERSITY,PUDUKKOTTAI,Zone XIII : Pattukkottai,4.0,947,296
P.R.ENGINEERING COLLEGE,8212,Affilated Non - Autonomous,ANNA UNIVERSITY,THANJAVUR,Zone XIII : Pattukkottai,4.0,158,57
Parisutham Institute of Technology and Science ,8213,Affilated Non - Autonomous,ANNA UNIVERSITY,THANJAVUR,Zone XIII : Pattukkottai,4.0,296,96
Prime College of Architecture & Planning ,8215,Architecture,ANNA UNIVERSITY,NAGAPATTINAM,Zone XIII : Pattukkottai,4.0,65,0
Sembodai Rukmani varatharajan engineering college,8216,Affilated Non - Autonomous,ANNA UNIVERSITY,NAGAPATTINAM,Zone XIII : Pattukkottai,4.0,73,6
Sir Issac Newton College of Engineering and Technology,8217,Affilated Non - Autonomous,ANNA UNIVERSITY,NAGAPATTINAM,Zone XIII : Pattukkottai,4.0,1026,299
SMR EAST COAST COLLEGE OF ENGINEERING AND TECHNOLOGY,8218,Affilated Non - Autonomous,ANNA UNIVERSITY,THANJAVUR,Zone XIII : Pattukkottai,4.0,15,0
"St.Joseph's College of Engineering and Technology , Thanjavur ",8219,Affilated Non - Autonomous,ANNA UNIVERSITY,THANJAVUR,Zone XIII : Pattukkottai,4.0,568,204
Star Lion College of Engineering and Technology,8220,Affilated Non - Autonomous,ANNA UNIVERSITY,THANJAVUR,Zone XIII : Pattukkottai,4.0,496,58
University College of Engineering Pattukkottai,8221,University Constituent Colleges,ANNA UNIVERSITY,THANJAVUR,Zone XIII : Pattukkottai,4.0,571,128
University College of Engineering Thirukkuvalai,8222,University Constituent Colleges,ANNA UNIVERSITY,NAGAPATTINAM,Zone XIII : Pattukkottai,4.0,433,119
VANDAYAR ENGINEERING COLLEGE,8223,Affilated Non - Autonomous,ANNA UNIVERSITY,THANJAVUR,Zone XIII : Pattukkottai,4.0,332,24
M R K INSTITUTE OF TECHNOLOGY,8224,Affilated Non - Autonomous,ANNA UNIVERSITY,CUDDALORE,Zone XXI : Villupuram,5.0,1087,311
ARIFA INSTITUTE OF TECHNOLOGY,8226,Affilated Non - Autonomous,ANNA UNIVERSITY,NAGAPATTINAM,Zone XIII : Pattukkottai,4.0,358,114
"GOVERNMENT COLLEGE OF ENGINEERING, THANJAVUR",8227,Government College,ANNA UNIVERSITY,THANJAVUR,Zone XIII : Pattukkottai,4.0,1086,239
Government College of Engineering Srirangam ,8301,Government College,ANNA UNIVERSITY,TIRUCHIRAPPALLI,Zone XVIII : Trichy,5.0,1098,274
Anna University Regional Campus Madurai ,9100,University Regional Campus,ANNA UNIVERSITY,MADURAI,Zone XXII : Madurai,5.0,869,218
CENTRAL ELECTROCHEMICAL RESEARCH INSTITUTE (CSIR) KARAIKUDI,9102,Affilated Non - Autonomous,ANNA UNIVERSITY,SIVAGANGAI,Zone XIV : Karaikudi,4.0,146,38
CHENDHURAN COLLEGE OF ENGINEERING AND TECHNOLOGY,9103,Affilated Non - Autonomous,ANNA UNIVERSITY,PUDUKKOTTAI,Zone XIV : Karaikudi,4.0,287,154
Fatima Michael College of engineering and technology ,9104,Affilated Non - Autonomous,ANNA UNIVERSITY,MADURAI,Zone XIV : Karaikudi,4.0,450,157
GANAPATHY CHETTIAR COLLEGE OF ENGINEERING AND TECHNOLOGY,9105,Affilated Non - Autonomous,ANNA UNIVERSITY,RAMANATHAPURAM,Zone XIV : Karaikudi,4.0,155,0
KLN College of engineering ,9106,Affilated Autonomous,ANNA UNIVERSITY,SIVAGANGAI,,,1894,459
K.L.N.COLLEGE OF INFORMATION TECHNOLOGY,9107,Affilated Non - Autonomous,ANNA UNIVERSITY,SIVAGANGAI,Zone XXII : Madurai,5.0,87,0
KARAIKUDI INSTITUTE OF TECHNOLOGY AND KARAIKUDI INSTITUTE OF MANAGEMENT,9108,Affilated Non - Autonomous,ANNA UNIVERSITY,SIVAGANGAI,Zone XIV : Karaikudi,4.0,216,48
LATHA MATHAVAN ENGINEERING COLLEGE,9110,Affilated Non - Autonomous,ANNA UNIVERSITY,MADURAI,Zone XXII : Madurai,5.0,536,160
MADURAI INSTITUTE OF ENGINEERING AND TECHNOLOGY,9111,Affilated Non - Autonomous,,SIVAGANGAI,Zone XXII : Madurai,5.0,137,0
MAHATH AMMA INSTITUTE OF ENGINEERING AND TECHNOLOGY,9112,Affilated Non - Autonomous,ANNA UNIVERSITY,PUDUKKOTTAI,Zone XIV : Karaikudi,4.0,674,67
MNSK ENGINEERING COLLEGE ,9114,Affilated Non - Autonomous,ANNA UNIVERSITY,PUDUKKOTTAI,Zone XIV : Karaikudi,4.0,109,10
MOHAMED SATHAK ENGINEERING COLLEGE,9115,Affilated Non - Autonomous,ANNA UNIVERSITY,RAMANATHAPURAM,Zone XIV : Karaikudi,4.0,1054,371
MOTHER TERASA COLLEGE OF ENGINEERING AND TECHNOLOGY,9116,Affilated Non - Autonomous,ANNA UNIVERSITY,PUDUKKOTTAI,Zone XIV : Karaikudi,4.0,426,125
MOUNT ZION COLLEGE OF ENGINEERING AND TECHNOLOGY,9117,Affilated Non - Autonomous,ANNA UNIVERSITY,PUDUKKOTTAI,Zone XIV : Karaikudi,4.0,1097,250
P.T.R.COLLEGE OF ENGINEERING AND TECHNOLOGY,9119,Affilated Non - Autonomous,ANNA UNIVERSITY,MADURAI,Zone XXII : Madurai,5.0,151,16
PANDIAN SARASWATHI YADAV ENGINEERING COLLEGE,9120,Affilated Non - Autonomous,ANNA UNIVERSITY,SIVAGANGAI,Zone XIV : Karaikudi,4.0,546,163
Solamalai College of Engineering,9122,Affilated Non - Autonomous,ANNA UNIVERSITY,MADURAI,Zone XXII : Madurai,5.0,515,153
SACS M.A.V.M.M ENGINEERING COLLEGE,9123,Affilated Non - Autonomous,ANNA UNIVERSITY,MADURAI,Zone XXII : Madurai,5.0,621,149
SHANMUGANATHAN ENGINEERING COLLEGE,9124,Affilated Non - Autonomous,ANNA UNIVERSITY,PUDUKKOTTAI,Zone XIV : Karaikudi,4.0,479,110
SRI RAAJA RAAJAN COLLEGE OF ENGINEERING AND TECHNOLOGY,9125,Affilated Non - Autonomous,ANNA UNIVERSITY,SIVAGANGAI,Zone XIV : Karaikudi,4.0,736,220
Sri Bharathi Engineering College for Women,9126,Affilated Non - Autonomous,ANNA UNIVERSITY,PUDUKKOTTAI,Zone XIV : Karaikudi,4.0,271,122
ST.MICHAEL COLLEGE OF ENGINEERING & TECHNOLOGY,9127,Affilated Non - Autonomous,ANNA UNIVERSITY,SIVAGANGAI,Zone XIV : Karaikudi,4.0,462,183
Syed Ammal Engineering College,9128,Affilated Non - Autonomous,ANNA UNIVERSITY,RAMANATHAPURAM,Zone XIV : Karaikudi,4.0,673,218
ULTRA College of Engineering& Technology,9129,Affilated Non - Autonomous,ANNA UNIVERSITY,MADURAI,Zone XXII : Madurai,5.0,292,73
University College of Engineering Ramanathapuram,9130,University Constituent Colleges,ANNA UNIVERSITY,RAMANATHAPURAM,Zone XIV : Karaikudi,4.0,354,84
VELAMMAL COLLEGE OF ENGINEERING AND TECHNOLOGY,9131,Affilated Non - Autonomous,ANNA UNIVERSITY,MADURAI,Zone XXII : Madurai,5.0,2036,580
VICKRAM COLLEGE OF ENGINEERING,9132,Affilated Non - Autonomous,ANNA UNIVERSITY,SIVAGANGAI,Zone XIV : Karaikudi,4.0,12,0
Vaigai College of Engineering,9133,Affilated Non - Autonomous,ANNA UNIVERSITY,MADURAI,Zone XXII : Madurai,5.0,659,134
Alagappa Chettiar Government College of Engineering and Technology,9176,Government College,ANNA UNIVERSITY,SIVAGANGAI,Zone XIV : Karaikudi,4.0,1680,397
"Thiagarajar College of Engineering, Madurai",9177,Govt. Aided,ANNA UNIVERSITY,MADURAI,Zone XXII : Madurai,5.0,1353,0
BHARATH NIKETAN ENGINEERING COLLEGE,9201,Affilated Non - Autonomous,ANNA UNIVERSITY,THENI,Zone XV : Dindigul,4.0,616,225
CHETTINAD COLLEGE OF ENGINEERING AND TECHNOLOGY,9202,Affilated Non - Autonomous,ANNA UNIVERSITY,KARUR,Zone XV : Dindigul,4.0,705,235
CHRISTIAN COLLEGE OF ENGINEERING AND TECHNOLOGY,9203,Affilated Non - Autonomous,ANNA UNIVERSITY,DINDIGUL,Zone XV : Dindigul,4.0,801,133
Kamaraj College of Engineering and Technology ,9204,Affilated Autonomous,ANNA UNIVERSITY,VIRUDHUNAGAR,,,2964,567
M.KUMARASAMY COLLEGE OF ENGINEERING,9207,Affilated Autonomous,ANNA UNIVERSITY,KARUR,,,2686,0
N P R COLLEGE OF ENGINEERING AND TECHNOLOGY,9208,Affilated Non - Autonomous,ANNA UNIVERSITY,DINDIGUL,Zone XV : Dindigul,4.0,979,358
N.S.N. College of Engineering and Technology ,9209,Affilated Non - Autonomous,ANNA UNIVERSITY,KARUR,Zone XV : Dindigul,4.0,713,163
Nadar Saraswathi College of Engineering and Technology,9210,Affilated Non - Autonomous,ANNA UNIVERSITY,THENI,Zone XV : Dindigul,4.0,771,249
PSNA COLLEGE OF ENGINEERING AND TECHNOLOGY,9213,Affilated Non - Autonomous,ANNA UNIVERSITY,DINDIGUL,Zone XV : Dindigul,4.0,3224,0
RVS EDUCATIONAL TRUSTS GROUP OF INSTITUTIONS,9214,Affilated Non - Autonomous,ANNA UNIVERSITY,DINDIGUL,Zone XV : Dindigul,4.0,500,114
R.V.S. College of Engineering,9215,Affilated Non - Autonomous,ANNA UNIVERSITY,DINDIGUL,Zone XV : Dindigul,4.0,508,133
SBM COLLEGE OF ENGINEERING AND TECHNOLOGY,9216,Affilated Non - Autonomous,ANNA UNIVERSITY,DINDIGUL,Zone XV : Dindigul,4.0,1427,207
SETHU INSTITUTE OF TECHNOLOGY,9217,Affilated Autonomous,ANNA UNIVERSITY,VIRUDHUNAGAR,,,4281,1095
Sree Sowdambika College of Engineering Aruppukottai ,9218,Affilated Non - Autonomous,ANNA UNIVERSITY,VIRUDHUNAGAR,Zone XXII : Madurai,5.0,576,130
SRI SUBRAMANYA COLLEGE OF ENGINEERING AND TECHNOLOGY,9219,Affilated Non - Autonomous,ANNA UNIVERSITY,DINDIGUL,Zone XV : Dindigul,4.0,39,12
Sri Vidya college of engineering and technology,9220,Affilated Non - Autonomous,ANNA UNIVERSITY,VIRUDHUNAGAR,Zone XXII : Madurai,5.0,248,81
SSM INSTITUTE OF ENGINEERING AND TECHNOLOGY,9221,Affilated Non - Autonomous,ANNA UNIVERSITY,DINDIGUL,Zone XV : Dindigul,4.0,1121,293
Theni Kammavar Sangam College of Technology,9222,Affilated Non - Autonomous,ANNA UNIVERSITY,THENI,Zone XV : Dindigul,4.0,580,169
"UNIVERSITY COLLEGE OF ENGINEERING, DINDIGUL",9223,University Constituent Colleges,ANNA UNIVERSITY,DINDIGUL,Zone XV : Dindigul,4.0,643,164
"V.S.B. ENGINEERING COLLEGE, KARUR",9225,Affilated Non - Autonomous,ANNA UNIVERSITY,KARUR,Zone XV : Dindigul,4.0,3545,991
"Arulmurugan College Of Engineering, Karur",9230,Affilated Non - Autonomous,ANNA UNIVERSITY,KARUR,Zone XV : Dindigul,4.0,287,40
GOVERNMENT COLLEGE OF ENGINEERING,9233,Government College,ANNA UNIVERSITY,THENI,Zone XV : Dindigul,4.0,1000,240
JAINEE COLLEGE OF ENGINEERING AND TECHNOLOGY,9236,Affilated Non - Autonomous,ANNA UNIVERSITY,DINDIGUL,Zone XV : Dindigul,4.0,22,9
MANGAYARKARASI COLLEGE OF ENGINEERING,9238,Affilated Non - Autonomous,ANNA UNIVERSITY,MADURAI,Zone XXII : Madurai,5.0,1011,272
AGNI SCHOOL OF ARCHITECHTURE,9240,Architecture,ANNA UNIVERSITY,DINDIGUL,Zone XV : Dindigul,4.0,8,0
"ANNA UNIVERSITY REGIONAL CAMPUS, TIRUNELVELI",9500,University Regional Campus,ANNA UNIVERSITY,TIRUNELVELI,Zone XX : Tirunelveli-II,5.0,790,184
A.R. COLLEGE OF ENGINEERING AND TECHNOLOGY,9501,Affilated Non - Autonomous,ANNA UNIVERSITY,TENKASI,Zone XVI : Tirunelveli-I,4.0,22,0
GRACE COLLEGE OF ENGINEERING,9503,Affilated Non - Autonomous,ANNA UNIVERSITY,THOOTHUKUDI,Zone XX : Tirunelveli-II,5.0,435,178
Dr.G.U.Pope College of Engineering,9504,Affilated Non - Autonomous,ANNA UNIVERSITY,THOOTHUKUDI,Zone XX : Tirunelveli-II,5.0,497,175
"Dr.Sivanthi Aditanar College of Engineering, Tiruchendur",9505,Affilated Non - Autonomous,ANNA UNIVERSITY,THOOTHUKUDI,Zone XX : Tirunelveli-II,5.0,659,171
EINSTEIN COLLEGE OF ENGINEERING,9506,Affilated Non - Autonomous,ANNA UNIVERSITY,TIRUNELVELI,Zone XVI : Tirunelveli-I,4.0,796,226
FRANCIS XAVIER ENGINEERING COLLEGE,9507,Affilated Autonomous,ANNA UNIVERSITY,TIRUNELVELI,,,2388,616
Government College of Engineering,9508,Government College,ANNA UNIVERSITY,TIRUNELVELI,Zone XVI : Tirunelveli-I,4.0,1739,389
Holycross Engineering college ,9509,Affilated Non - Autonomous,ANNA UNIVERSITY,THOOTHUKUDI,Zone XX : Tirunelveli-II,5.0,476,204
INFANT JESUS COLLEGE OF ENGINEERING,9510,Affilated Non - Autonomous,ANNA UNIVERSITY,THOOTHUKUDI,Zone XX : Tirunelveli-II,5.0,60,20
J P COLLEGE OF ENGINEERING,9512,Affilated Non - Autonomous,ANNA UNIVERSITY,TENKASI,Zone XVI : Tirunelveli-I,4.0,901,222
Jayaraj Annapackiam CSI College of Engineering,9513,Affilated Non - Autonomous,ANNA UNIVERSITY,THOOTHUKUDI,Zone XX : Tirunelveli-II,5.0,845,267
MAHAKAVI BHARATHIYAR COLLEGE OF ENGINEERING AND TECHNOLOGY,9516,Affilated Non - Autonomous,ANNA UNIVERSITY,TENKASI,Zone XVI : Tirunelveli-I,4.0,123,9
"Mepco Schlenk Engineering College, Sivakasi ",9517,Affilated Autonomous,ANNA UNIVERSITY,VIRUDHUNAGAR,,,2749,1
NELLAI COLLEGE OF ENGINEERING,9518,Affilated Non - Autonomous,ANNA UNIVERSITY,TIRUNELVELI,Zone XX : Tirunelveli-II,5.0,309,92
P.S.R. ENGINEERING COLLEGE,9519,Affilated Autonomous,ANNA UNIVERSITY,VIRUDHUNAGAR,,,1524,0
P.S.R.R COLLEGE OF ENGINEERING,9520,Affilated Non - Autonomous,ANNA UNIVERSITY,VIRUDHUNAGAR,Zone XVI : Tirunelveli-I,4.0,259,150
PSN COLLEGE OF ENGINEERING AND TECHNOLOGY,9522,Affilated Autonomous,ANNA UNIVERSITY,TIRUNELVELI,Zone XVI : Tirunelveli-I,4.0,854,0
PSN ENGINEERING COLLEGE,9523,Affilated Non - Autonomous,ANNA UNIVERSITY,TIRUNELVELI,Zone XVI : Tirunelveli-I,4.0,683,160
PSN INSTITUTE OF TECHNOLOGY AND SCIENCE ,9524,Affilated Non - Autonomous,ANNA UNIVERSITY,TIRUNELVELI,Zone XVI : Tirunelveli-I,4.0,559,110
Renganayagi Varatharaj college of engineering ,9525,Affilated Non - Autonomous,ANNA UNIVERSITY,VIRUDHUNAGAR,Zone XVI : Tirunelveli-I,4.0,343,118
S.VEERASAMY CHETTIAR COLLEGE OF ENGINEERING AND TECHNOLOGY,9526,Affilated Non - Autonomous,ANNA UNIVERSITY,TENKASI,Zone XVI : Tirunelveli-I,4.0,387,118
Sardar Raja College of Engineering,9527,Affilated Non - Autonomous,ANNA UNIVERSITY,TENKASI,Zone XVI : Tirunelveli-I,4.0,266,104
SCAD College of Engineering and Technology ,9528,Affilated Non - Autonomous,ANNA UNIVERSITY,TIRUNELVELI,Zone XVI : Tirunelveli-I,4.0,916,205
ST.MOTHER THERESA ENGINEERING COLLEGE,9530,Affilated Non - Autonomous,ANNA UNIVERSITY,THOOTHUKUDI,Zone XX : Tirunelveli-II,5.0,613,137
THAMIRABHARANI ENGINEERING COLLEGE,9531,Affilated Non - Autonomous,ANNA UNIVERSITY,TIRUNELVELI,Zone XVI : Tirunelveli-I,4.0,755,226
"UNIVERSITY COLLEGE OF ENGINEERING, THOOTHUKUDI",9532,University Constituent Colleges,ANNA UNIVERSITY,THOOTHUKUDI,Zone XX : Tirunelveli-II,5.0,615,97
Unnamalai Institute of Technology,9533,Affilated Non - Autonomous,ANNA UNIVERSITY,THOOTHUKUDI,Zone XVI : Tirunelveli-I,4.0,263,134
V V College of Engineering ,9534,Affilated Non - Autonomous,ANNA UNIVERSITY,THOOTHUKUDI,Zone XX : Tirunelveli-II,5.0,770,225
V.P.MUTHAIAH PILLAI MEENAKSHI AMMAL ENGINEERING COLLEGE FOR WOMEN,9535,Affilated Non - Autonomous,ANNA UNIVERSITY,VIRUDHUNAGAR,Zone XVI : Tirunelveli-I,4.0,36,0
RAMCO INSTITUTE OF TECHNOLOGY,9536,Affilated Non - Autonomous,ANNA UNIVERSITY,VIRUDHUNAGAR,Zone XXII : Madurai,5.0,1584,590
AAA College of Engineering and Technology,9537,Affilated Non - Autonomous,ANNA UNIVERSITY,VIRUDHUNAGAR,Zone XXII : Madurai,5.0,894,252
National Engineering College(Autonomous),9576,Affilated Autonomous,ANNA UNIVERSITY,THOOTHUKUDI,,,1659,0
"ANNAI VAILANKANNI COLLEGE OF ENGINEERING, KANYAKUMARI ",9601,Affilated Non - Autonomous,ANNA UNIVERSITY,KANYAKUMARI,Zone XVII : Nagercoil,5.0,535,145
ARUNACHALA COLLEGE OF ENGINEERING FOR WOMEN,9602,Affilated Non - Autonomous,ANNA UNIVERSITY,KANYAKUMARI,Zone XVII : Nagercoil,5.0,1357,409
BETHLAHEM INSTITUTE OF ENGINEERING,9603,Affilated Non - Autonomous,ANNA UNIVERSITY,KANYAKUMARI,Zone XVII : Nagercoil,5.0,625,144
C.S.I. INSTITUTE OF TECHNOLOGY,9604,Affilated Non - Autonomous,ANNA UNIVERSITY,KANYAKUMARI,Zone XVII : Nagercoil,5.0,386,158
CAPE INSTITUTE OF TECHNOLOGY,9605,Affilated Non - Autonomous,ANNA UNIVERSITY,TIRUNELVELI,Zone XX : Tirunelveli-II,5.0,1125,150
DMI ENGINEERING COLLEGE,9606,Affilated Non - Autonomous,ANNA UNIVERSITY,KANYAKUMARI,Zone XX : Tirunelveli-II,5.0,483,136
IMMANUEL ARASAR J J COLLEGE OF ENGINEERING,9607,Affilated Non - Autonomous,ANNA UNIVERSITY,KANYAKUMARI,Zone XVII : Nagercoil,5.0,26,6
Jayamatha Engineering College,9609,Affilated Non - Autonomous,ANNA UNIVERSITY,KANYAKUMARI,Zone XX : Tirunelveli-II,5.0,77,24
LORD JEGANNATH COLLEGE OF ENGINEERING AND TECHNOLOGY,9611,Affilated Non - Autonomous,ANNA UNIVERSITY,KANYAKUMARI,Zone XVII : Nagercoil,5.0,305,55
Loyola Institute of Technology and Science,9612,Affilated Non - Autonomous,ANNA UNIVERSITY,KANYAKUMARI,Zone XVII : Nagercoil,5.0,1176,365
M.E.T. ENGINEERING COLLEGE,9613,Affilated Non - Autonomous,ANNA UNIVERSITY,KANYAKUMARI,Zone XX : Tirunelveli-II,5.0,368,133
MAR EPHRAEM COLLEGE OF ENGINEERING AND TECHNOLOGY,9614,Affilated Non - Autonomous,ANNA UNIVERSITY,KANYAKUMARI,Zone XVII : Nagercoil,5.0,1072,286
MARIA COLLEGE OF ENGINEERING AND TECHNOLOGY,9615,Affilated Non - Autonomous,ANNA UNIVERSITY,KANYAKUMARI,Zone XVII : Nagercoil,5.0,464,55
MARTHANDAM COLLEGE OF ENGINEERING AND TECHNOLOGY,9616,Affilated Non - Autonomous,ANNA UNIVERSITY,KANYAKUMARI,Zone XVII : Nagercoil,5.0,656,124
NARAYANAGURU COLLEGE OF ENGINEERING,9617,Affilated Non - Autonomous,ANNA UNIVERSITY,KANYAKUMARI,Zone XVII : Nagercoil,5.0,315,82
PONJESLY COLLEGE OF ENGINEERING,9618,Affilated Non - Autonomous,ANNA UNIVERSITY,KANYAKUMARI,Zone XVII : Nagercoil,5.0,1408,366
Rajas Institute of technology ,9619,Affilated Non - Autonomous,ANNA UNIVERSITY,KANYAKUMARI,Zone XVII : Nagercoil,5.0,208,54
SATYAM COLLEGE OF ENGINEERING AND TECHNOLOGY,9620,Affilated Non - Autonomous,ANNA UNIVERSITY,KANYAKUMARI,Zone XX : Tirunelveli-II,5.0,849,144
SIVAJI COLLEGE OF ENGINEERING AND TECHNOLOGY,9621,Affilated Non - Autonomous,ANNA UNIVERSITY,KANYAKUMARI,Zone XVII : Nagercoil,5.0,185,62
St.Xavier's Catholic College of Engineering,9622,Affilated Non - Autonomous,ANNA UNIVERSITY,KANYAKUMARI,Zone XVII : Nagercoil,5.0,1842,504
AMRITA COLLEGE OF ENGINEERING AND TECHNOLOGY,9623,Affilated Non - Autonomous,ANNA UNIVERSITY,KANYAKUMARI,Zone XVII : Nagercoil,5.0,1076,336
UDAYA SCHOOL OF ENGINEERING,9626,Affilated Non - Autonomous,ANNA UNIVERSITY,KANYAKUMARI,Zone XVII : Nagercoil,5.0,1329,204
Universal College of Engineering and Technology Vallioor ,9627,Affilated Non - Autonomous,ANNA UNIVERSITY,TIRUNELVELI,Zone XX : Tirunelveli-II,5.0,572,108
"UNIVERSITY COLLEGE OF ENGINEERING, NAGERCOIL",9628,University Constituent Colleges,ANNA UNIVERSITY,KANYAKUMARI,Zone XVII : Nagercoil,5.0,1469,334
Vins Christian College of engineering,9629,Affilated Non - Autonomous,ANNA UNIVERSITY,KANYAKUMARI,Zone XVII : Nagercoil,5.0,197,52
VINS CHRISTIAN  WOMEN'S COLLEGE OF ENGINEERING  CHUNKANKADI,9630,Affilated Non - Autonomous,ANNA UNIVERSITY,KANYAKUMARI,Zone XVII : Nagercoil,5.0,31,0
"PET ENGINEERING COLLEGE, VALLIOOR",9632,Affilated Non - Autonomous,ANNA UNIVERSITY,TIRUNELVELI,Zone XX : Tirunelveli-II,5.0,692,173
ROHINI COLLEGE OF ENGINEERING AND TECHNOLOGY,9633,Affilated Non - Autonomous,ANNA UNIVERSITY,KANYAKUMARI,Zone XX : Tirunelveli-II,5.0,2240,553
SIGMA COLLEGE OF ARCHITECTURE,9634,Architecture,ANNA UNIVERSITY,KANYAKUMARI,Zone XVII : Nagercoil,5.0,124,0
STELLA MARY'S COLLEGE OF ENGINEERING,9635,Affilated Non - Autonomous,ANNA UNIVERSITY,KANYAKUMARI,Zone XVII : Nagercoil,5.0,1000,326
LOURDES MOUNT COLLEGE OF ENGINEERING AND TECHNOLOGY,9636,Affilated Non - Autonomous,ANNA UNIVERSITY,KANYAKUMARI,Zone XVII : Nagercoil,5.0,175,67
GOOD SHEPHERD COLLEGE OF ENGINEERING & TECHNOLOGY,9638,Affilated Non - Autonomous,ANNA UNIVERSITY,KANYAKUMARI,Zone XVII : Nagercoil,5.0,260,108
Sun College of Engineering and Technology ,9639,Affilated Non - Autonomous,ANNA UNIVERSITY,KANYAKUMARI,Zone XXII : Madurai,5.0,8,8
Demo college,123456789,,,PUDUKKOTTAI,Zone XVII : Nagercoil,5.0,1,1
